indID,popID,country,lonInd,latInd,hapInd,notes
ind_1,akk,1_Asia,144.9498,43.04774,6,TableS2b_KH2017
ind_2,akk,1_Asia,144.9498,43.04774,6,TableS2b_KH2017
ind_3,akk,1_Asia,144.9498,43.04774,6,TableS2b_KH2017
ind_4,akk,1_Asia,144.9498,43.04774,6,TableS2b_KH2017
ind_5,akk,1_Asia,144.9498,43.04774,6,TableS2b_KH2017
ind_6,akk,1_Asia,144.9498,43.04774,6,TableS2b_KH2017
ind_7,akk,1_Asia,144.9498,43.04774,6,TableS2b_KH2017
ind_8,akk,1_Asia,144.9498,43.04774,6,TableS2b_KH2017
ind_9,akk,1_Asia,144.9498,43.04774,6,TableS2b_KH2017
ind_10,akk,1_Asia,144.9498,43.04774,6,TableS2b_KH2017
ind_11,akk,1_Asia,144.9498,43.04774,26,TableS2b_KH2017
ind_12,akk,1_Asia,144.9498,43.04774,26,TableS2b_KH2017
ind_13,akk,1_Asia,144.9498,43.04774,26,TableS2b_KH2017
ind_14,fut,1_Asia,144.2579,44.04927,6,TableS2b_KH2017
ind_15,fut,1_Asia,144.2579,44.04927,6,TableS2b_KH2017
ind_16,fut,1_Asia,144.2579,44.04927,6,TableS2b_KH2017
ind_17,fut,1_Asia,144.2579,44.04927,6,TableS2b_KH2017
ind_18,fut,1_Asia,144.2579,44.04927,6,TableS2b_KH2017
ind_19,fut,1_Asia,144.2579,44.04927,6,TableS2b_KH2017
ind_20,fut,1_Asia,144.2579,44.04927,6,TableS2b_KH2017
ind_21,hik,1_Asia,130.671644,31.7321,27,TableS2b_KH2017
ind_22,hik,1_Asia,130.671644,31.7321,27,TableS2b_KH2017
ind_23,hik,1_Asia,130.671644,31.7321,27,TableS2b_KH2017
ind_24,hik,1_Asia,130.671644,31.7321,27,TableS2b_KH2017
ind_25,hik,1_Asia,130.671644,31.7321,27,TableS2b_KH2017
ind_26,hik,1_Asia,130.671644,31.7321,27,TableS2b_KH2017
ind_27,hik,1_Asia,130.671644,31.7321,27,TableS2b_KH2017
ind_28,hit,1_Asia,141.0515,38.35053,6,TableS2b_KH2017
ind_29,hit,1_Asia,141.0515,38.35053,6,TableS2b_KH2017
ind_30,hit,1_Asia,141.0515,38.35053,6,TableS2b_KH2017
ind_31,hit,1_Asia,141.0515,38.35053,6,TableS2b_KH2017
ind_32,hit,1_Asia,141.0515,38.35053,6,TableS2b_KH2017
ind_33,hit,1_Asia,141.0515,38.35053,6,TableS2b_KH2017
ind_34,hit,1_Asia,141.0515,38.35053,28,TableS2b_KH2017
ind_35,mng,1_Asia,141.413173,38.418195,6,TableS2b_KH2017
ind_36,mng,1_Asia,141.413173,38.418195,6,TableS2b_KH2017
ind_37,mng,1_Asia,141.413173,38.418195,6,TableS2b_KH2017
ind_38,mng,1_Asia,141.413173,38.418195,6,TableS2b_KH2017
ind_39,mng,1_Asia,141.413173,38.418195,6,TableS2b_KH2017
ind_40,mng,1_Asia,141.413173,38.418195,6,TableS2b_KH2017
ind_41,mng,1_Asia,141.413173,38.418195,6,TableS2b_KH2017
ind_42,mng,1_Asia,141.413173,38.418195,18,TableS2b_KH2017
ind_43,mou,1_Asia,141.622668,38.901194,6,TableS2b_KH2017
ind_44,mou,1_Asia,141.622668,38.901194,6,TableS2b_KH2017
ind_45,mou,1_Asia,141.622668,38.901194,6,TableS2b_KH2017
ind_46,mou,1_Asia,141.622668,38.901194,6,TableS2b_KH2017
ind_47,mou,1_Asia,141.622668,38.901194,6,TableS2b_KH2017
ind_48,mou,1_Asia,141.622668,38.901194,6,TableS2b_KH2017
ind_49,mou,1_Asia,141.622668,38.901194,6,TableS2b_KH2017
ind_50,mou,1_Asia,141.622668,38.901194,6,TableS2b_KH2017
ind_51,mou,1_Asia,141.622668,38.901194,6,TableS2b_KH2017
ind_52,mou,1_Asia,141.622668,38.901194,6,TableS2b_KH2017
ind_53,mou,1_Asia,141.622668,38.901194,6,TableS2b_KH2017
ind_54,nag,1_Asia,140.8654,35.69428,6,TableS2b_KH2017
ind_55,nag,1_Asia,140.8654,35.69428,6,TableS2b_KH2017
ind_56,nag,1_Asia,140.8654,35.69428,6,TableS2b_KH2017
ind_57,nag,1_Asia,140.8654,35.69428,6,TableS2b_KH2017
ind_58,nag,1_Asia,140.8654,35.69428,6,TableS2b_KH2017
ind_59,nag,1_Asia,140.8654,35.69428,6,TableS2b_KH2017
ind_60,nag,1_Asia,140.8654,35.69428,6,TableS2b_KH2017
ind_61,nag,1_Asia,140.8654,35.69428,6,TableS2b_KH2017
ind_62,shk,1_Asia,130.2962,33.66313,2,TableS2b_KH2017
ind_63,shk,1_Asia,130.2962,33.66313,2,TableS2b_KH2017
ind_64,shk,1_Asia,130.2962,33.66313,2,TableS2b_KH2017
ind_65,shk,1_Asia,130.2962,33.66313,2,TableS2b_KH2017
ind_66,shk,1_Asia,130.2962,33.66313,2,TableS2b_KH2017
ind_67,shk,1_Asia,130.2962,33.66313,2,TableS2b_KH2017
ind_68,shk,1_Asia,130.2962,33.66313,2,TableS2b_KH2017
ind_69,shk,1_Asia,130.2962,33.66313,2,TableS2b_KH2017
ind_70,shr,1_Asia,140.83,41.76467,6,TableS2b_KH2017
ind_71,shr,1_Asia,140.83,41.76467,6,TableS2b_KH2017
ind_72,shr,1_Asia,140.83,41.76467,6,TableS2b_KH2017
ind_73,shr,1_Asia,140.83,41.76467,6,TableS2b_KH2017
ind_74,shr,1_Asia,140.83,41.76467,6,TableS2b_KH2017
ind_75,shr,1_Asia,140.83,41.76467,6,TableS2b_KH2017
ind_76,shr,1_Asia,140.83,41.76467,6,TableS2b_KH2017
ind_77,shr,1_Asia,140.83,41.76467,6,TableS2b_KH2017
ind_78,sar,1_Asia,143.58341,44.07916,6,TableS2b_KH2017
ind_79,sar,1_Asia,143.58341,44.07916,6,TableS2b_KH2017
ind_80,sar,1_Asia,143.58341,44.07916,6,TableS2b_KH2017
ind_81,sar,1_Asia,143.58341,44.07916,6,TableS2b_KH2017
ind_82,sar,1_Asia,143.58341,44.07916,6,TableS2b_KH2017
ind_83,sar,1_Asia,143.58341,44.07916,6,TableS2b_KH2017
ind_84,usu,1_Asia,140.78618,42.515497,6,TableS2b_KH2017
ind_85,usu,1_Asia,140.78618,42.515497,6,TableS2b_KH2017
ind_86,usu,1_Asia,140.78618,42.515497,6,TableS2b_KH2017
ind_87,usu,1_Asia,140.78618,42.515497,6,TableS2b_KH2017
ind_88,usu,1_Asia,140.78618,42.515497,6,TableS2b_KH2017
ind_89,usu,1_Asia,140.78618,42.515497,6,TableS2b_KH2017
ind_90,usu,1_Asia,140.78618,42.515497,6,TableS2b_KH2017
ind_91,usu,1_Asia,140.78618,42.515497,6,TableS2b_KH2017
ind_92,usu,1_Asia,140.78618,42.515497,6,TableS2b_KH2017
ind_93,waj,1_Asia,130.4266,33.67412,2,TableS2b_KH2017
ind_94,waj,1_Asia,130.4266,33.67412,2,TableS2b_KH2017
ind_95,waj,1_Asia,130.4266,33.67412,30,TableS2b_KH2017
ind_96,waj,1_Asia,130.4266,33.67412,30,TableS2b_KH2017
ind_97,waj,1_Asia,130.4266,33.67412,30,TableS2b_KH2017
ind_98,waj,1_Asia,130.4266,33.67412,30,TableS2b_KH2017
ind_99,waj,1_Asia,130.4266,33.67412,30,TableS2b_KH2017
ind_100,waj,1_Asia,130.4266,33.67412,31,TableS2b_KH2017
ind_101,bam,2_wNA,-125.1544733,48.81139,6,TableS2b_KH2017
ind_102,bam,2_wNA,-125.1544733,48.81139,6,TableS2b_KH2017
ind_103,bam,2_wNA,-125.1544733,48.81139,6,TableS2b_KH2017
ind_104,bam,2_wNA,-125.1544733,48.81139,6,TableS2b_KH2017
ind_105,bam,2_wNA,-125.1544733,48.81139,15,TableS2b_KH2017
ind_106,bam,2_wNA,-125.1544733,48.81139,15,TableS2b_KH2017
ind_107,bam,2_wNA,-125.1544733,48.81139,15,TableS2b_KH2017
ind_108,bam,2_wNA,-125.1544733,48.81139,29,TableS2b_KH2017
ind_109,bam,2_wNA,-125.1544733,48.81139,29,TableS2b_KH2017
ind_110,bam,2_wNA,-125.1544733,48.81139,29,TableS2b_KH2017
ind_111,bam,2_wNA,-125.1544733,48.81139,29,TableS2b_KH2017
ind_112,bam,2_wNA,-125.1544733,48.81139,29,TableS2b_KH2017
ind_113,bob,2_wNA,-123.055447,38.317774,6,TableS2b_KH2017
ind_114,bob,2_wNA,-123.055447,38.317774,6,TableS2b_KH2017
ind_115,bob,2_wNA,-123.055447,38.317774,6,TableS2b_KH2017
ind_116,bob,2_wNA,-123.055447,38.317774,6,TableS2b_KH2017
ind_117,bob,2_wNA,-123.055447,38.317774,6,TableS2b_KH2017
ind_118,bob,2_wNA,-123.055447,38.317774,6,TableS2b_KH2017
ind_119,bob,2_wNA,-123.055447,38.317774,6,TableS2b_KH2017
ind_120,eld,2_wNA,-122.978715,47.084893,6,TableS2b_KH2017
ind_121,eld,2_wNA,-122.978715,47.084893,6,TableS2b_KH2017
ind_122,eld,2_wNA,-122.978715,47.084893,6,TableS2b_KH2017
ind_123,eld,2_wNA,-122.978715,47.084893,6,TableS2b_KH2017
ind_124,eld,2_wNA,-122.978715,47.084893,6,TableS2b_KH2017
ind_125,eld,2_wNA,-122.978715,47.084893,6,TableS2b_KH2017
ind_126,eld,2_wNA,-122.978715,47.084893,6,TableS2b_KH2017
ind_127,moo,2_wNA,-122.8367,49.28135,6,TableS2b_KH2017
ind_128,moo,2_wNA,-122.8367,49.28135,6,TableS2b_KH2017
ind_129,moo,2_wNA,-122.8367,49.28135,6,TableS2b_KH2017
ind_130,moo,2_wNA,-122.8367,49.28135,6,TableS2b_KH2017
ind_131,moo,2_wNA,-122.8367,49.28135,6,TableS2b_KH2017
ind_132,moo,2_wNA,-122.8367,49.28135,6,TableS2b_KH2017
ind_133,moo,2_wNA,-122.8367,49.28135,6,TableS2b_KH2017
ind_134,ptw,2_wNA,-122.842044,47.210495,6,TableS2b_KH2017
ind_135,ptw,2_wNA,-122.842044,47.210495,6,TableS2b_KH2017
ind_136,ptw,2_wNA,-122.842044,47.210495,6,TableS2b_KH2017
ind_137,ptw,2_wNA,-122.842044,47.210495,6,TableS2b_KH2017
ind_138,ptw,2_wNA,-122.842044,47.210495,6,TableS2b_KH2017
ind_139,ptw,2_wNA,-122.842044,47.210495,6,TableS2b_KH2017
ind_140,ptw,2_wNA,-122.842044,47.210495,6,TableS2b_KH2017
ind_141,tmb,2_wNA,-122.9093435,38.179647,6,TableS2b_KH2017
ind_142,tmb,2_wNA,-122.9093435,38.179647,6,TableS2b_KH2017
ind_143,tmb,2_wNA,-122.9093435,38.179647,6,TableS2b_KH2017
ind_144,tmb,2_wNA,-122.9093435,38.179647,6,TableS2b_KH2017
ind_145,tmb,2_wNA,-122.9093435,38.179647,6,TableS2b_KH2017
ind_146,tmb,2_wNA,-122.9093435,38.179647,6,TableS2b_KH2017
ind_147,tmb,2_wNA,-122.9093435,38.179647,6,TableS2b_KH2017
ind_148,fme,3_Eur,-1.139809,45.821349,6,TableS2b_KH2017
ind_149,fme,3_Eur,-1.139809,45.821349,6,TableS2b_KH2017
ind_150,fme,3_Eur,-1.139809,45.821349,18,TableS2b_KH2017
ind_151,fme,3_Eur,-1.139809,45.821349,18,TableS2b_KH2017
ind_152,fme,3_Eur,-1.139809,45.821349,18,TableS2b_KH2017
ind_153,fme,3_Eur,-1.139809,45.821349,18,TableS2b_KH2017
ind_154,fme,3_Eur,-1.139809,45.821349,18,TableS2b_KH2017
ind_155,fme,3_Eur,-1.139809,45.821349,18,TableS2b_KH2017
ind_156,frl,3_Eur,-1.461794,46.231,6,TableS2b_KH2017
ind_157,frl,3_Eur,-1.461794,46.231,6,TableS2b_KH2017
ind_158,frl,3_Eur,-1.461794,46.231,6,TableS2b_KH2017
ind_159,frl,3_Eur,-1.461794,46.231,6,TableS2b_KH2017
ind_160,Hirakawa,1_Asia,130.3079,31.2768,27,TableS3_KH2021
ind_161,Hirakawa,1_Asia,130.3079,31.2768,55,TableS3_KH2021
ind_162,Origuchi,1_Asia,130.2076,32.0603,13,TableS3_KH2021
ind_163,Tanoura,1_Asia,130.5079,32.3538,60,TableS3_KH2021
ind_164,Ikutsushima,1_Asia,132.1896,33.178,26,TableS3_KH2021
ind_165,Ikutsushima,1_Asia,132.1896,33.178,56,TableS3_KH2021
ind_166,Ikutsushima,1_Asia,132.1896,33.178,57,TableS3_KH2021
ind_167,Jigozen,1_Asia,132.3265,33.3336,26,TableS3_KH2021
ind_168,Jigozen,1_Asia,132.3265,33.3336,57,TableS3_KH2021
ind_169,Jigozen,1_Asia,132.3265,33.3336,58,TableS3_KH2021
ind_170,Ikuno Island,1_Asia,132.9237,33.2904,26,TableS3_KH2021
ind_171,Isumi,1_Asia,133.2377,33.2664,26,TableS3_KH2021
ind_172,Shinmaiko,1_Asia,133.3329,33.3626,26,TableS3_KH2021
ind_173,Yura,1_Asia,133.5717,33.166,26,TableS3_KH2021
ind_174,Tsui,1_Asia,133.7013,33.3239,26,TableS3_KH2021
ind_175,Tenjinjima,1_Asia,139.3618,35.1335,15,TableS3_KH2021
ind_176,Yoshio,1_Asia,130.1719,35.082,15,TableS3_KH2021
ind_177,Hayase,1_Asia,135.907583,35.616333,6,TableS3_KH2021
ind_178,Hayase,1_Asia,135.907583,35.616333,53,TableS3_KH2021
ind_179,Hayase,1_Asia,135.907583,35.616333,54,TableS3_KH2021
ind_180,Ku,1_Asia,136.90604,37.07784,2,TableS3_KH2021
ind_181,Ku,1_Asia,136.90604,37.07784,36,TableS3_KH2021
ind_182,Nou,1_Asia,137.999727,37.109351,6,TableS3_KH2021
ind_183,Soukanzan,1_Asia,141.054495,38.350787,6,TableS3_KH2021
ind_184,Nomoku-ura,1_Asia,141.43002,38.39931,6,TableS3_KH2021
ind_185,Nashiro,1_Asia,139.99954,40.20988,2,TableS3_KH2021
ind_186,Nashiro,1_Asia,139.99954,40.20988,59,TableS3_KH2021
ind_187,Nashiro,1_Asia,139.99954,40.20988,61,TableS3_KH2021
ind_188,Miyako,1_Asia,141.95918,39.58736,6,TableS3_KH2021
ind_189,HorsensFjord,3_Eur,9.933333333,55.85,6,TableS1_Kim2010
ind_190,HorsensFjord,3_Eur,9.933333333,55.85,6,TableS1_Kim2010
ind_191,HorsensFjord,3_Eur,9.933333333,55.85,6,TableS1_Kim2010
ind_192,HorsensFjord,3_Eur,9.933333333,55.85,6,TableS1_Kim2010
ind_193,Kiel-Wik,3_Eur,10.13333333,54.35,6,TableS1_Kim2010
ind_194,Kiel-Wik,3_Eur,10.13333333,54.35,6,TableS1_Kim2010
ind_195,Kiel-Wik,3_Eur,10.13333333,54.35,6,TableS1_Kim2010
ind_196,Kiel-Wik,3_Eur,10.13333333,54.35,6,TableS1_Kim2010
ind_197,Kiel-Wik,3_Eur,10.13333333,54.35,6,TableS1_Kim2010
ind_198,Kiel-Wik,3_Eur,10.13333333,54.35,6,TableS1_Kim2010
ind_199,Kiel-Wik,3_Eur,10.13333333,54.35,6,TableS1_Kim2010
ind_200,Kiel-Wik,3_Eur,10.13333333,54.35,6,TableS1_Kim2010
ind_201,Kiel-Wik,3_Eur,10.13333333,54.35,6,TableS1_Kim2010
ind_202,Kiel-Wik,3_Eur,10.13333333,54.35,6,TableS1_Kim2010
ind_203,Kiel-Wik,3_Eur,10.13333333,54.35,6,TableS1_Kim2010
ind_204,Kiel-Wik,3_Eur,10.13333333,54.35,6,TableS1_Kim2010
ind_205,Kiel-Wik,3_Eur,10.13333333,54.35,6,TableS1_Kim2010
ind_206,Kiel-Wik,3_Eur,10.13333333,54.35,6,TableS1_Kim2010
ind_207,Strande,3_Eur,10.16666667,54.43333333,6,TableS1_Kim2010
ind_208,Strande,3_Eur,10.16666667,54.43333333,6,TableS1_Kim2010
ind_209,Strande,3_Eur,10.16666667,54.43333333,6,TableS1_Kim2010
ind_210,Strande,3_Eur,10.16666667,54.43333333,6,TableS1_Kim2010
ind_211,Strande,3_Eur,10.16666667,54.43333333,6,TableS1_Kim2010
ind_212,Strande,3_Eur,10.16666667,54.43333333,6,TableS1_Kim2010
ind_213,Strande,3_Eur,10.16666667,54.43333333,6,TableS1_Kim2010
ind_214,Strande,3_Eur,10.16666667,54.43333333,6,TableS1_Kim2010
ind_215,Strande,3_Eur,10.16666667,54.43333333,6,TableS1_Kim2010
ind_216,Strande,3_Eur,10.16666667,54.43333333,6,TableS1_Kim2010
ind_217,Strande,3_Eur,10.16666667,54.43333333,6,TableS1_Kim2010
ind_218,Strande,3_Eur,10.16666667,54.43333333,6,TableS1_Kim2010
ind_219,Strande,3_Eur,10.16666667,54.43333333,6,TableS1_Kim2010
ind_220,Strande,3_Eur,10.16666667,54.43333333,6,TableS1_Kim2010
ind_221,Koön,3_Eur,11.58333333,57.88333333,6,TableS1_Kim2010
ind_222,Koön,3_Eur,11.58333333,57.88333333,6,TableS1_Kim2010
ind_223,Koön,3_Eur,11.58333333,57.88333333,6,TableS1_Kim2010
ind_224,Koön,3_Eur,11.58333333,57.88333333,6,TableS1_Kim2010
ind_225,Koön,3_Eur,11.58333333,57.88333333,6,TableS1_Kim2010
ind_226,Koön,3_Eur,11.58333333,57.88333333,6,TableS1_Kim2010
ind_227,Koön,3_Eur,11.58333333,57.88333333,6,TableS1_Kim2010
ind_228,Koön,3_Eur,11.58333333,57.88333333,6,TableS1_Kim2010
ind_229,Koön,3_Eur,11.58333333,57.88333333,6,TableS1_Kim2010
ind_230,Koön,3_Eur,11.58333333,57.88333333,6,TableS1_Kim2010
ind_231,Koön,3_Eur,11.58333333,57.88333333,6,TableS1_Kim2010
ind_232,Koön,3_Eur,11.58333333,57.88333333,6,TableS1_Kim2010
ind_233,Koön,3_Eur,11.58333333,57.88333333,6,TableS1_Kim2010
ind_234,Koön,3_Eur,11.58333333,57.88333333,6,TableS1_Kim2010
ind_235,Koön,3_Eur,11.58333333,57.88333333,6,TableS1_Kim2010
ind_236,Öckerö,3_Eur,11.65,57.7,6,TableS1_Kim2010
ind_237,Öckerö,3_Eur,11.65,57.7,6,TableS1_Kim2010
ind_238,Öckerö,3_Eur,11.65,57.7,6,TableS1_Kim2010
ind_239,Öckerö,3_Eur,11.65,57.7,6,TableS1_Kim2010
ind_240,Öckerö,3_Eur,11.65,57.7,6,TableS1_Kim2010
ind_241,Öckerö,3_Eur,11.65,57.7,6,TableS1_Kim2010
ind_242,Öckerö,3_Eur,11.65,57.7,6,TableS1_Kim2010
ind_243,Öckerö,3_Eur,11.65,57.7,6,TableS1_Kim2010
ind_244,Öckerö,3_Eur,11.65,57.7,6,TableS1_Kim2010
ind_245,Öckerö,3_Eur,11.65,57.7,6,TableS1_Kim2010
ind_246,Öckerö,3_Eur,11.65,57.7,6,TableS1_Kim2010
ind_247,Öckerö,3_Eur,11.65,57.7,6,TableS1_Kim2010
ind_248,Öckerö,3_Eur,11.65,57.7,6,TableS1_Kim2010
ind_249,Öckerö,3_Eur,11.65,57.7,6,TableS1_Kim2010
ind_250,Öckerö,3_Eur,11.65,57.7,6,TableS1_Kim2010
ind_251,Askim,3_Eur,11.91666667,57.61666667,6,TableS1_Kim2010
ind_252,Askim,3_Eur,11.91666667,57.61666667,6,TableS1_Kim2010
ind_253,Askim,3_Eur,11.91666667,57.61666667,6,TableS1_Kim2010
ind_254,Askim,3_Eur,11.91666667,57.61666667,6,TableS1_Kim2010
ind_255,Askim,3_Eur,11.91666667,57.61666667,6,TableS1_Kim2010
ind_256,Askim,3_Eur,11.91666667,57.61666667,6,TableS1_Kim2010
ind_257,Askim,3_Eur,11.91666667,57.61666667,6,TableS1_Kim2010
ind_258,Askim,3_Eur,11.91666667,57.61666667,6,TableS1_Kim2010
ind_259,Askim,3_Eur,11.91666667,57.61666667,6,TableS1_Kim2010
ind_260,Askim,3_Eur,11.91666667,57.61666667,6,TableS1_Kim2010
ind_261,Askim,3_Eur,11.91666667,57.61666667,6,TableS1_Kim2010
ind_262,Askim,3_Eur,11.91666667,57.61666667,6,TableS1_Kim2010
ind_263,Askim,3_Eur,11.91666667,57.61666667,6,TableS1_Kim2010
ind_264,Askim,3_Eur,11.91666667,57.61666667,6,TableS1_Kim2010
ind_265,Askim,3_Eur,11.91666667,57.61666667,6,TableS1_Kim2010
ind_266,Vallda,3_Eur,11.93333333,57.48333333,6,TableS1_Kim2010
ind_267,Vallda,3_Eur,11.93333333,57.48333333,6,TableS1_Kim2010
ind_268,Vallda,3_Eur,11.93333333,57.48333333,6,TableS1_Kim2010
ind_269,Vallda,3_Eur,11.93333333,57.48333333,6,TableS1_Kim2010
ind_270,Vallda,3_Eur,11.93333333,57.48333333,6,TableS1_Kim2010
ind_271,Vallda,3_Eur,11.93333333,57.48333333,6,TableS1_Kim2010
ind_272,Vallda,3_Eur,11.93333333,57.48333333,6,TableS1_Kim2010
ind_273,Vallda,3_Eur,11.93333333,57.48333333,6,TableS1_Kim2010
ind_274,Vallda,3_Eur,11.93333333,57.48333333,6,TableS1_Kim2010
ind_275,Vallda,3_Eur,11.93333333,57.48333333,6,TableS1_Kim2010
ind_276,Vallda,3_Eur,11.93333333,57.48333333,6,TableS1_Kim2010
ind_277,Vallda,3_Eur,11.93333333,57.48333333,6,TableS1_Kim2010
ind_278,Vallda,3_Eur,11.93333333,57.48333333,6,TableS1_Kim2010
ind_279,Vallda,3_Eur,11.93333333,57.48333333,6,TableS1_Kim2010
ind_280,Buaharbour,3_Eur,12.1,57.23333333,6,TableS1_Kim2010
ind_281,Buaharbour,3_Eur,12.1,57.23333333,6,TableS1_Kim2010
ind_282,Buaharbour,3_Eur,12.1,57.23333333,6,TableS1_Kim2010
ind_283,Buaharbour,3_Eur,12.1,57.23333333,6,TableS1_Kim2010
ind_284,Buaharbour,3_Eur,12.1,57.23333333,6,TableS1_Kim2010
ind_285,Buaharbour,3_Eur,12.1,57.23333333,6,TableS1_Kim2010
ind_286,Buaharbour,3_Eur,12.1,57.23333333,6,TableS1_Kim2010
ind_287,Buaharbour,3_Eur,12.1,57.23333333,6,TableS1_Kim2010
ind_288,Buaharbour,3_Eur,12.1,57.23333333,6,TableS1_Kim2010
ind_289,Buaharbour,3_Eur,12.1,57.23333333,6,TableS1_Kim2010
ind_290,Buaharbour,3_Eur,12.1,57.23333333,6,TableS1_Kim2010
ind_291,Buaharbour,3_Eur,12.1,57.23333333,6,TableS1_Kim2010
ind_292,Buaharbour,3_Eur,12.1,57.23333333,6,TableS1_Kim2010
ind_293,Buaharbour,3_Eur,12.1,57.23333333,6,TableS1_Kim2010
ind_294,Qingdaobeach,1_Asia,120.3333333,36.03333333,2,TableS1_Kim2010
ind_295,Qingdaobeach,1_Asia,120.3333333,36.03333333,2,TableS1_Kim2010
ind_296,Qingdaobeach,1_Asia,120.3333333,36.03333333,2,TableS1_Kim2010
ind_297,Qingdaobeach,1_Asia,120.3333333,36.03333333,2,TableS1_Kim2010
ind_298,Qingdaobeach,1_Asia,120.3333333,36.03333333,2,TableS1_Kim2010
ind_299,Qingdaobeach,1_Asia,120.3333333,36.03333333,2,TableS1_Kim2010
ind_300,Qingdaobeach,1_Asia,120.3333333,36.03333333,2,TableS1_Kim2010
ind_301,Qingdaobeach,1_Asia,120.3333333,36.03333333,2,TableS1_Kim2010
ind_302,Qingdaobeach,1_Asia,120.3333333,36.03333333,2,TableS1_Kim2010
ind_303,Qingdaobeach,1_Asia,120.3333333,36.03333333,2,TableS1_Kim2010
ind_304,ElkhornSlough,2_wNA,-121.7833333,36.8,6,TableS1_Kim2010
ind_305,ElkhornSlough,2_wNA,-121.7833333,36.8,6,TableS1_Kim2010
ind_306,ElkhornSlough,2_wNA,-121.7833333,36.8,6,TableS1_Kim2010
ind_307,ElkhornSlough,2_wNA,-121.7833333,36.8,6,TableS1_Kim2010
ind_308,ElkhornSlough,2_wNA,-121.7833333,36.8,6,TableS1_Kim2010
ind_309,ElkhornSlough,2_wNA,-121.7833333,36.8,6,TableS1_Kim2010
ind_310,ElkhornSlough,2_wNA,-121.7833333,36.8,6,TableS1_Kim2010
ind_311,ElkhornSlough,2_wNA,-121.7833333,36.8,6,TableS1_Kim2010
ind_312,ElkhornSlough,2_wNA,-121.7833333,36.8,6,TableS1_Kim2010
ind_313,ElkhornSlough,2_wNA,-121.7833333,36.8,19,TableS1_Kim2010
ind_314,ElkhornSlough,2_wNA,-121.7833333,36.8,19,TableS1_Kim2010
ind_315,Weihai,1_Asia,122,37,2,TableS1_Kim2010
ind_316,Weihai,1_Asia,122,37,2,TableS1_Kim2010
ind_317,Weihai,1_Asia,122,37,2,TableS1_Kim2010
ind_318,Weihai,1_Asia,122,37,2,TableS1_Kim2010
ind_319,Weihai,1_Asia,122,37,2,TableS1_Kim2010
ind_320,Weihai,1_Asia,122,37,2,TableS1_Kim2010
ind_321,Weihai,1_Asia,122,37,2,TableS1_Kim2010
ind_322,Weihai,1_Asia,122,37,17,TableS1_Kim2010
ind_323,Weihai,1_Asia,122,37,17,TableS1_Kim2010
ind_324,Baegryongdo,1_Asia,124.65,37.91666667,1,TableS1_Kim2010
ind_325,Suguchado,1_Asia,125.9166667,34.25,2,TableS1_Kim2010
ind_326,Suguchado,1_Asia,125.9166667,34.25,2,TableS1_Kim2010
ind_327,Suguchado,1_Asia,125.9166667,34.25,2,TableS1_Kim2010
ind_328,Hackampo,1_Asia,126.2,36.88333333,2,TableS1_Kim2010
ind_329,Hackampo,1_Asia,126.2,36.88333333,2,TableS1_Kim2010
ind_330,Hackampo,1_Asia,126.2,36.88333333,2,TableS1_Kim2010
ind_331,Solsum,1_Asia,126.2,36.68333333,2,TableS1_Kim2010
ind_332,Solsum,1_Asia,126.2,36.68333333,2,TableS1_Kim2010
ind_333,Solsum,1_Asia,126.2,36.68333333,2,TableS1_Kim2010
ind_334,Ilgwo-eeri,1_Asia,126.2166667,33.23333333,8,TableS1_Kim2010
ind_335,Ilgwo-eeri,1_Asia,126.2166667,33.23333333,8,TableS1_Kim2010
ind_336,Ilgwo-eeri,1_Asia,126.2166667,33.23333333,8,TableS1_Kim2010
ind_337,Daejung,1_Asia,126.2333333,33.21666667,8,TableS1_Kim2010
ind_338,Chujado,1_Asia,126.2833333,33.95,12,TableS1_Kim2010
ind_339,Chujado,1_Asia,126.2833333,33.95,12,TableS1_Kim2010
ind_340,Chujado,1_Asia,126.2833333,33.95,12,TableS1_Kim2010
ind_341,Chujado,1_Asia,126.2833333,33.95,12,TableS1_Kim2010
ind_342,Chujado,1_Asia,126.2833333,33.95,12,TableS1_Kim2010
ind_343,Bangpo,1_Asia,126.3333333,36.5,2,TableS1_Kim2010
ind_344,Hoidong,1_Asia,126.3333333,34.41666667,3,TableS1_Kim2010
ind_345,Hoidong,1_Asia,126.3333333,34.41666667,3,TableS1_Kim2010
ind_346,Hoidong,1_Asia,126.3333333,34.41666667,3,TableS1_Kim2010
ind_347,Hoidong,1_Asia,126.3333333,34.41666667,3,TableS1_Kim2010
ind_348,Hoidong,1_Asia,126.3333333,34.41666667,3,TableS1_Kim2010
ind_349,Ockdo,1_Asia,126.35,36.93333333,2,TableS1_Kim2010
ind_350,Ockdo,1_Asia,126.35,36.93333333,2,TableS1_Kim2010
ind_351,Ockdo,1_Asia,126.35,36.93333333,2,TableS1_Kim2010
ind_352,Myodo,1_Asia,126.4166667,36.46666667,2,TableS1_Kim2010
ind_353,Myodo,1_Asia,126.4166667,36.46666667,2,TableS1_Kim2010
ind_354,Oidodong,1_Asia,126.4166667,33.48333333,2,TableS1_Kim2010
ind_355,Dodoo-ilri,1_Asia,126.45,33.48333333,2,TableS1_Kim2010
ind_356,Dodoo-ilri,1_Asia,126.45,33.48333333,2,TableS1_Kim2010
ind_357,Dodoo-ilri,1_Asia,126.45,33.48333333,2,TableS1_Kim2010
ind_358,Geokpo,1_Asia,126.4666667,35.61666667,2,TableS1_Kim2010
ind_359,Geokpo,1_Asia,126.4666667,35.61666667,2,TableS1_Kim2010
ind_360,Geokpo,1_Asia,126.4666667,35.61666667,2,TableS1_Kim2010
ind_361,Geokpo,1_Asia,126.4666667,35.61666667,2,TableS1_Kim2010
ind_362,Geokpo,1_Asia,126.4666667,35.61666667,2,TableS1_Kim2010
ind_363,Dodoo-samri,1_Asia,126.4833333,33.5,9,TableS1_Kim2010
ind_364,Daecheon,1_Asia,126.5,36.31666667,2,TableS1_Kim2010
ind_365,Kimnyung,1_Asia,126.75,33.55,2,TableS1_Kim2010
ind_366,Kimnyung,1_Asia,126.75,33.55,2,TableS1_Kim2010
ind_367,Kimnyung,1_Asia,126.75,33.55,2,TableS1_Kim2010
ind_368,Kimnyung,1_Asia,126.75,33.55,2,TableS1_Kim2010
ind_369,Haengwon,1_Asia,126.8,33.55,11,TableS1_Kim2010
ind_370,Haengwon,1_Asia,126.8,33.55,9,TableS1_Kim2010
ind_371,Haengwon,1_Asia,126.8,33.55,9,TableS1_Kim2010
ind_372,Haengwon,1_Asia,126.8,33.55,9,TableS1_Kim2010
ind_373,Pyosun,1_Asia,126.8333333,33.31666667,10,TableS1_Kim2010
ind_374,Pyosun,1_Asia,126.8333333,33.31666667,10,TableS1_Kim2010
ind_375,Hado,1_Asia,126.8833333,33.5,11,TableS1_Kim2010
ind_376,Sungsan,1_Asia,126.9333333,33.45,2,TableS1_Kim2010
ind_377,Sungsan,1_Asia,126.9333333,33.45,10,TableS1_Kim2010
ind_378,Sungsan,1_Asia,126.9333333,33.45,10,TableS1_Kim2010
ind_379,Sungsan,1_Asia,126.9333333,33.45,11,TableS1_Kim2010
ind_380,Dolsando,1_Asia,127.7333333,34.58333333,2,TableS1_Kim2010
ind_381,Yegye,1_Asia,127.8166667,34.81666667,4,TableS1_Kim2010
ind_382,Yegye,1_Asia,127.8166667,34.81666667,4,TableS1_Kim2010
ind_383,Yegye,1_Asia,127.8166667,34.81666667,4,TableS1_Kim2010
ind_384,Sangjokam,1_Asia,128.1333333,34.9,2,TableS1_Kim2010
ind_385,Nagasaki,1_Asia,129,32,13,TableS1_Kim2010
ind_386,Junchun,1_Asia,129.1333333,37.48333333,5,TableS1_Kim2010
ind_387,Junchun,1_Asia,129.1333333,37.48333333,6,TableS1_Kim2010
ind_388,Junchun,1_Asia,129.1333333,37.48333333,7,TableS1_Kim2010
ind_389,Junchun,1_Asia,129.1333333,37.48333333,6,TableS1_Kim2010
ind_390,Junchun,1_Asia,129.1333333,37.48333333,6,TableS1_Kim2010
ind_391,Gijang,1_Asia,129.2333333,35.21666667,4,TableS1_Kim2010
ind_392,Gijang,1_Asia,129.2333333,35.21666667,4,TableS1_Kim2010
ind_393,Gijang,1_Asia,129.2333333,35.21666667,4,TableS1_Kim2010
ind_394,Gijang,1_Asia,129.2333333,35.21666667,4,TableS1_Kim2010
ind_395,Taehwagang,1_Asia,129.35,35.45,4,TableS1_Kim2010
ind_396,Odo-eeri,1_Asia,129.3833333,36.15,4,TableS1_Kim2010
ind_397,Odo-eeri,1_Asia,129.3833333,36.15,4,TableS1_Kim2010
ind_398,Odo-eeri,1_Asia,129.3833333,36.15,4,TableS1_Kim2010
ind_399,Odo-eeri,1_Asia,129.3833333,36.15,4,TableS1_Kim2010
ind_400,SouthPrimorye,1_Asia,131,42,6,TableS1_Kim2010
ind_401,SouthPrimorye,1_Asia,131,42,6,TableS1_Kim2010
ind_402,SouthPrimorye,1_Asia,131,42,6,TableS1_Kim2010
ind_403,Konami,1_Asia,133,36,6,TableS1_Kim2010
ind_404,Shimoda,1_Asia,138,34,14,TableS1_Kim2010
ind_405,Inuwaka,1_Asia,139,35,16,TableS1_Kim2010
ind_406,Funabashi,1_Asia,140,35,15,TableS1_Kim2010
ind_407,Funabashi,1_Asia,140,35,15,TableS1_Kim2010
ind_408,EstuaireduBelon,3_Eur,3.65,47.81666667,6,TableS1_Kim2010
ind_409,EstuaireduBelon,3_Eur,3.65,47.81666667,6,TableS1_Kim2010
ind_410,EstuaireduBelon,3_Eur,3.65,47.81666667,6,TableS1_Kim2010
ind_411,EstuaireduBelon,3_Eur,3.65,47.81666667,6,TableS1_Kim2010
ind_412,EstuaireduBelon,3_Eur,3.65,47.81666667,6,TableS1_Kim2010
ind_413,EstuaireduBelon,3_Eur,3.65,47.81666667,6,TableS1_Kim2010
ind_414,EstuaireduBelon,3_Eur,3.65,47.81666667,6,TableS1_Kim2010
ind_415,EstuaireduBelon,3_Eur,3.65,47.81666667,6,TableS1_Kim2010
ind_416,EstuaireduBelon,3_Eur,3.65,47.81666667,6,TableS1_Kim2010
ind_417,EstuaireduBelon,3_Eur,3.65,47.81666667,6,TableS1_Kim2010
ind_418,EstuaireduBelon,3_Eur,3.65,47.81666667,6,TableS1_Kim2010
ind_419,EstuaireduBelon,3_Eur,3.65,47.81666667,6,TableS1_Kim2010
ind_420,EstuaireduBelon,3_Eur,3.65,47.81666667,6,TableS1_Kim2010
ind_421,Locquenolé,3_Eur,3.85,48.61666667,6,TableS1_Kim2010
ind_422,Locquenolé,3_Eur,3.85,48.61666667,6,TableS1_Kim2010
ind_423,Locquenolé,3_Eur,3.85,48.61666667,6,TableS1_Kim2010
ind_424,Locquenolé,3_Eur,3.85,48.61666667,6,TableS1_Kim2010
ind_425,Locquenolé,3_Eur,3.85,48.61666667,6,TableS1_Kim2010
ind_426,Locquenolé,3_Eur,3.85,48.61666667,6,TableS1_Kim2010
ind_427,Locquenolé,3_Eur,3.85,48.61666667,6,TableS1_Kim2010
ind_428,Locquenolé,3_Eur,3.85,48.61666667,6,TableS1_Kim2010
ind_429,Locquenolé,3_Eur,3.85,48.61666667,6,TableS1_Kim2010
ind_430,Locquenolé,3_Eur,3.85,48.61666667,6,TableS1_Kim2010
ind_431,Locquenolé,3_Eur,3.85,48.61666667,6,TableS1_Kim2010
ind_432,Locquenolé,3_Eur,3.85,48.61666667,6,TableS1_Kim2010
ind_433,Locquenolé,3_Eur,3.85,48.61666667,6,TableS1_Kim2010
ind_434,Locquenolé,3_Eur,3.85,48.61666667,6,TableS1_Kim2010
ind_435,Locquenolé,3_Eur,3.85,48.61666667,6,TableS1_Kim2010
ind_436,PontdelaCorde,3_Eur,3.933333333,48.63333333,6,TableS1_Kim2010
ind_437,PontdelaCorde,3_Eur,3.933333333,48.63333333,6,TableS1_Kim2010
ind_438,PontdelaCorde,3_Eur,3.933333333,48.63333333,6,TableS1_Kim2010
ind_439,PontdelaCorde,3_Eur,3.933333333,48.63333333,6,TableS1_Kim2010
ind_440,PontdelaCorde,3_Eur,3.933333333,48.63333333,6,TableS1_Kim2010
ind_441,PontdelaCorde,3_Eur,3.933333333,48.63333333,6,TableS1_Kim2010
ind_442,PontdelaCorde,3_Eur,3.933333333,48.63333333,6,TableS1_Kim2010
ind_443,PontdelaCorde,3_Eur,3.933333333,48.63333333,6,TableS1_Kim2010
ind_444,PontdelaCorde,3_Eur,3.933333333,48.63333333,6,TableS1_Kim2010
ind_445,PontdelaCorde,3_Eur,3.933333333,48.63333333,6,TableS1_Kim2010
ind_446,PontdelaCorde,3_Eur,3.933333333,48.63333333,6,TableS1_Kim2010
ind_447,PontdelaCorde,3_Eur,3.933333333,48.63333333,6,TableS1_Kim2010
ind_448,PontdelaCorde,3_Eur,3.933333333,48.63333333,6,TableS1_Kim2010
ind_449,PontdelaCorde,3_Eur,3.933333333,48.63333333,6,TableS1_Kim2010
ind_450,PontdelaCorde,3_Eur,3.933333333,48.63333333,6,TableS1_Kim2010
ind_451,St.-Pol-de-Léon,3_Eur,3.966666667,48.66666667,6,TableS1_Kim2010
ind_452,St.-Pol-de-Léon,3_Eur,3.966666667,48.66666667,6,TableS1_Kim2010
ind_453,St.-Pol-de-Léon,3_Eur,3.966666667,48.66666667,6,TableS1_Kim2010
ind_454,St.-Pol-de-Léon,3_Eur,3.966666667,48.66666667,6,TableS1_Kim2010
ind_455,St.-Pol-de-Léon,3_Eur,3.966666667,48.66666667,6,TableS1_Kim2010
ind_456,St.-Pol-de-Léon,3_Eur,3.966666667,48.66666667,6,TableS1_Kim2010
ind_457,St.-Pol-de-Léon,3_Eur,3.966666667,48.66666667,6,TableS1_Kim2010
ind_458,St.-Pol-de-Léon,3_Eur,3.966666667,48.66666667,6,TableS1_Kim2010
ind_459,St.-Pol-de-Léon,3_Eur,3.966666667,48.66666667,6,TableS1_Kim2010
ind_460,St.-Pol-de-Léon,3_Eur,3.966666667,48.66666667,6,TableS1_Kim2010
ind_461,St.-Pol-de-Léon,3_Eur,3.966666667,48.66666667,6,TableS1_Kim2010
ind_462,St.-Pol-de-Léon,3_Eur,3.966666667,48.66666667,6,TableS1_Kim2010
ind_463,St.-Pol-de-Léon,3_Eur,3.966666667,48.66666667,18,TableS1_Kim2010
ind_464,Rantum,3_Eur,8.3,54.85,6,TableS1_Kim2010
ind_465,Rantum,3_Eur,8.3,54.85,6,TableS1_Kim2010
ind_466,Rantum,3_Eur,8.3,54.85,6,TableS1_Kim2010
ind_467,Rantum,3_Eur,8.3,54.85,6,TableS1_Kim2010
ind_468,Rantum,3_Eur,8.3,54.85,6,TableS1_Kim2010
ind_469,Rantum,3_Eur,8.3,54.85,6,TableS1_Kim2010
ind_470,Rantum,3_Eur,8.3,54.85,6,TableS1_Kim2010
ind_471,Rantum,3_Eur,8.3,54.85,6,TableS1_Kim2010
ind_472,Rantum,3_Eur,8.3,54.85,6,TableS1_Kim2010
ind_473,Rantum,3_Eur,8.3,54.85,6,TableS1_Kim2010
ind_474,Rantum,3_Eur,8.3,54.85,6,TableS1_Kim2010
ind_475,Rantum,3_Eur,8.3,54.85,6,TableS1_Kim2010
ind_476,Rantum,3_Eur,8.3,54.85,6,TableS1_Kim2010
ind_477,Rantum,3_Eur,8.3,54.85,6,TableS1_Kim2010
ind_478,Rantum,3_Eur,8.3,54.85,6,TableS1_Kim2010
ind_479,ElJadida,3_Eur,-8.483333333,33.25,6,TableS1_Kim2010
ind_480,Carlingford,3_Eur,-6.1,54.03,6,KH2017b
ind_481,Carlingford,3_Eur,-6.1,54.03,6,KH2017b
ind_482,Carlingford,3_Eur,-6.1,54.03,6,KH2017b
ind_483,Carlingford,3_Eur,-6.1,54.03,6,KH2017b
ind_484,Carlingford,3_Eur,-6.1,54.03,6,KH2017b
ind_485,Carlingford,3_Eur,-6.1,54.03,6,KH2017b
ind_486,Carlingford,3_Eur,-6.1,54.03,6,KH2017b
ind_487,Carlingford,3_Eur,-6.1,54.03,6,KH2017b
ind_488,Batson,3_Eur,-3.76979,50.231171,6,KH2017b
ind_489,Brownsea,3_Eur,-1.95627,50.688411,6,KH2017b
ind_490,Brownsea,3_Eur,-1.95627,50.688411,6,KH2017b
ind_491,Brownsea,3_Eur,-1.95627,50.688411,6,KH2017b
ind_492,Brownsea,3_Eur,-1.95627,50.688411,6,KH2017b
ind_493,Brownsea,3_Eur,-1.95627,50.688411,6,KH2017b
ind_494,Brownsea,3_Eur,-1.95627,50.688411,6,KH2017b
ind_495,Brownsea,3_Eur,-1.95627,50.688411,6,KH2017b
ind_496,Brownsea,3_Eur,-1.95627,50.688411,6,KH2017b
ind_497,Christchurch,3_Eur,-1.744148,50.722223,6,KH2017b
ind_498,bwe,2_wNA,-122.69612,37.930314,6,TableS2_KH2018
ind_499,cpt,2_wNA,-117.230001,32.794887,6,TableS2_KH2018
ind_500,fie,2_wNA,-117.220474,32.772265,6,TableS2_KH2018
ind_501,mbv,2_wNA,-120.841503,35.326904,6,TableS2_KH2018
ind_502,mbv,2_wNA,-120.841503,35.326904,15,TableS2_KH2018
ind_503,mbv,2_wNA,-120.841503,35.326904,15,TableS2_KH2018
ind_504,mbv,2_wNA,-120.841503,35.326904,15,TableS2_KH2018
ind_505,mbv,2_wNA,-120.841503,35.326904,15,TableS2_KH2018
ind_506,mbv,2_wNA,-120.841503,35.326904,33,TableS2_KH2018
ind_507,dac,2_wNA,-117.211103,32.796799,6,TableS2_KH2018
ind_508,dac,2_wNA,-117.211103,32.796799,6,TableS2_KH2018
ind_509,mbm,2_wNA,-120.840446,35.34436,6,TableS2_KH2018
ind_510,mbm,2_wNA,-120.840446,35.34436,6,TableS2_KH2018
ind_511,mbm,2_wNA,-120.840446,35.34436,32,TableS2_KH2018
ind_512,mbm,2_wNA,-120.840446,35.34436,33,TableS2_KH2018
ind_513,mbm,2_wNA,-120.840446,35.34436,34,TableS2_KH2018
ind_514,bdw,2_wNA,-124.071706,46.862046,6,TableS2_KH2018
ind_515,bdw,2_wNA,-124.071706,46.862046,6,TableS2_KH2018
ind_516,bdw,2_wNA,-124.071706,46.862046,6,TableS2_KH2018
ind_517,bdw,2_wNA,-124.071706,46.862046,6,TableS2_KH2018
ind_518,ohp,2_wNA,-123.906143,45.548187,6,TableS2_KH2018
ind_519,ohp,2_wNA,-123.906143,45.548187,6,TableS2_KH2018
ind_520,ohp,2_wNA,-123.906143,45.548187,6,TableS2_KH2018
ind_521,ohp,2_wNA,-123.906143,45.548187,6,TableS2_KH2018
ind_522,oy2,2_wNA,-123.979097,44.575109,6,TableS2_KH2018
ind_523,oy2,2_wNA,-123.979097,44.575109,6,TableS2_KH2018
ind_524,oy2,2_wNA,-123.979097,44.575109,6,TableS2_KH2018
ind_525,oy2,2_wNA,-123.979097,44.575109,6,TableS2_KH2018
ind_526,ahd,2_wNA,-117.319872,33.141852,6,TableS2_KH2018
ind_527,ahd,2_wNA,-117.319872,33.141852,6,TableS2_KH2018
ind_528,ahd,2_wNA,-117.319872,33.141852,6,TableS2_KH2018
ind_529,ahd,2_wNA,-117.319872,33.141852,6,TableS2_KH2018
ind_530,hvs,2_wNA,-124.171951,40.832755,6,TableS2_KH2018
ind_531,hvs,2_wNA,-124.171951,40.832755,6,TableS2_KH2018
ind_532,hvs,2_wNA,-124.171951,40.832755,6,TableS2_KH2018
ind_533,hvs,2_wNA,-124.171951,40.832755,6,TableS2_KH2018
ind_534,hvs,2_wNA,-124.171951,40.832755,6,TableS2_KH2018
ind_535,spm,2_wNA,-122.411937,37.943616,6,TableS2_KH2018
ind_536,spm,2_wNA,-122.411937,37.943616,6,TableS2_KH2018
ind_537,spm,2_wNA,-122.411937,37.943616,6,TableS2_KH2018
ind_538,spm,2_wNA,-122.411937,37.943616,6,TableS2_KH2018
ind_539,spm,2_wNA,-122.411937,37.943616,6,TableS2_KH2018
ind_540,boc,2_wNA,-118.04635,33.695513,6,TableS2_KH2018
ind_541,boc,2_wNA,-118.04635,33.695513,6,TableS2_KH2018
ind_542,boc,2_wNA,-118.04635,33.695513,6,TableS2_KH2018
ind_543,boc,2_wNA,-118.04635,33.695513,6,TableS2_KH2018
ind_544,boc,2_wNA,-118.04635,33.695513,6,TableS2_KH2018
ind_545,akg,2_wNA,-133.29,55.73361,6,TableS2_KH2018
ind_546,akg,2_wNA,-133.29,55.73361,6,TableS2_KH2018
ind_547,akg,2_wNA,-133.29,55.73361,6,TableS2_KH2018
ind_548,akg,2_wNA,-133.29,55.73361,6,TableS2_KH2018
ind_549,akg,2_wNA,-133.29,55.73361,6,TableS2_KH2018
ind_550,akg,2_wNA,-133.29,55.73361,6,TableS2_KH2018
ind_551,asb,2_wNA,-132.995,55.26366,6,TableS2_KH2018
ind_552,asb,2_wNA,-132.995,55.26366,6,TableS2_KH2018
ind_553,asb,2_wNA,-132.995,55.26366,6,TableS2_KH2018
ind_554,asb,2_wNA,-132.995,55.26366,6,TableS2_KH2018
ind_555,asb,2_wNA,-132.995,55.26366,6,TableS2_KH2018
ind_556,asb,2_wNA,-132.995,55.26366,6,TableS2_KH2018
ind_557,spt,2_wNA,-123.954527,46.606635,6,TableS2_KH2018
ind_558,spt,2_wNA,-123.954527,46.606635,6,TableS2_KH2018
ind_559,spt,2_wNA,-123.954527,46.606635,6,TableS2_KH2018
ind_560,spt,2_wNA,-123.954527,46.606635,6,TableS2_KH2018
ind_561,spt,2_wNA,-123.954527,46.606635,6,TableS2_KH2018
ind_562,spt,2_wNA,-123.954527,46.606635,6,TableS2_KH2018
ind_563,oam,2_wNA,-123.951716,46.402931,6,TableS2_KH2018
ind_564,oam,2_wNA,-123.951716,46.402931,6,TableS2_KH2018
ind_565,oam,2_wNA,-123.951716,46.402931,6,TableS2_KH2018
ind_566,oam,2_wNA,-123.951716,46.402931,6,TableS2_KH2018
ind_567,oam,2_wNA,-123.951716,46.402931,6,TableS2_KH2018
ind_568,oam,2_wNA,-123.951716,46.402931,6,TableS2_KH2018
ind_569,onb,2_wNA,-123.934626,45.414974,6,TableS2_KH2018
ind_570,onb,2_wNA,-123.934626,45.414974,6,TableS2_KH2018
ind_571,onb,2_wNA,-123.934626,45.414974,6,TableS2_KH2018
ind_572,onb,2_wNA,-123.934626,45.414974,6,TableS2_KH2018
ind_573,onb,2_wNA,-123.934626,45.414974,6,TableS2_KH2018
ind_574,onb,2_wNA,-123.934626,45.414974,6,TableS2_KH2018
ind_575,oy1,2_wNA,-124.011176,44.611046,6,TableS2_KH2018
ind_576,oy1,2_wNA,-124.011176,44.611046,6,TableS2_KH2018
ind_577,oy1,2_wNA,-124.011176,44.611046,6,TableS2_KH2018
ind_578,oy1,2_wNA,-124.011176,44.611046,6,TableS2_KH2018
ind_579,oy1,2_wNA,-124.011176,44.611046,6,TableS2_KH2018
ind_580,oy1,2_wNA,-124.011176,44.611046,6,TableS2_KH2018
ind_581,oar,2_wNA,-124.038232,44.444814,6,TableS2_KH2018
ind_582,oar,2_wNA,-124.038232,44.444814,6,TableS2_KH2018
ind_583,oar,2_wNA,-124.038232,44.444814,6,TableS2_KH2018
ind_584,oar,2_wNA,-124.038232,44.444814,6,TableS2_KH2018
ind_585,oar,2_wNA,-124.038232,44.444814,6,TableS2_KH2018
ind_586,oar,2_wNA,-124.038232,44.444814,6,TableS2_KH2018
ind_587,boe,2_wNA,-122.671522,37.920133,6,TableS2_KH2018
ind_588,boe,2_wNA,-122.671522,37.920133,6,TableS2_KH2018
ind_589,boe,2_wNA,-122.671522,37.920133,6,TableS2_KH2018
ind_590,boe,2_wNA,-122.671522,37.920133,6,TableS2_KH2018
ind_591,boe,2_wNA,-122.671522,37.920133,6,TableS2_KH2018
ind_592,boe,2_wNA,-122.671522,37.920133,6,TableS2_KH2018
ind_593,sfs,2_wNA,-122.508211,37.883698,6,TableS2_KH2018
ind_594,sfs,2_wNA,-122.508211,37.883698,6,TableS2_KH2018
ind_595,sfs,2_wNA,-122.508211,37.883698,6,TableS2_KH2018
ind_596,sfs,2_wNA,-122.508211,37.883698,6,TableS2_KH2018
ind_597,sfs,2_wNA,-122.508211,37.883698,6,TableS2_KH2018
ind_598,sfs,2_wNA,-122.508211,37.883698,6,TableS2_KH2018
ind_599,acr,2_wNA,-133.13944,55.47063,6,TableS2_KH2018
ind_600,acr,2_wNA,-133.13944,55.47063,6,TableS2_KH2018
ind_601,acr,2_wNA,-133.13944,55.47063,6,TableS2_KH2018
ind_602,acr,2_wNA,-133.13944,55.47063,6,TableS2_KH2018
ind_603,acr,2_wNA,-133.13944,55.47063,6,TableS2_KH2018
ind_604,acr,2_wNA,-133.13944,55.47063,6,TableS2_KH2018
ind_605,acr,2_wNA,-133.13944,55.47063,6,TableS2_KH2018
ind_606,acr,2_wNA,-133.13944,55.47063,6,TableS2_KH2018