id,id2,pop,study,reg
SRR6062989,Identifiers: BioSample: SAMN07347787; Sample name: 26A_12; SRA: SRS2533345,China:Laoting,Li2018,China-B
SRR6062990,Identifiers: BioSample: SAMN07347789; Sample name: 26A_14; SRA: SRS2533344,China:Laoting,Li2018,China-B
SRR6062991,Identifiers: BioSample: SAMN07347788; Sample name: 26A_13; SRA: SRS2533342,China:Laoting,Li2018,China-B
SRR6062995,Identifiers: BioSample: SAMN07347785; Sample name: 26A_10; SRA: SRS2533339,China:Laoting,Li2018,China-B
SRR6062996,Identifiers: BioSample: SAMN07347609; Sample name: 16A_1; SRA: SRS2533337,China:Yantai,Li2018,China-A
SRR6062997,Identifiers: BioSample: SAMN07347702; Sample name: 15_8; SRA: SRS2533338,China:Weifang,Li2018,China-B
SRR6062998,Identifiers: BioSample: SAMN07347701; Sample name: 15_5; SRA: SRS2533336,China:Weifang,Li2018,China-B
SRR6062999,Identifiers: BioSample: SAMN07347700; Sample name: 15_4; SRA: SRS2533335,China:Weifang,Li2018,China-B
SRR6063000,Identifiers: BioSample: SAMN07347784; Sample name: 26A_15; SRA: SRS2533334,China:Laoting,Li2018,China-B
SRR6063001,Identifiers: BioSample: SAMN07347790; Sample name: 26A_17; SRA: SRS2533333,China:Laoting,Li2018,China-B
SRR6063002,Identifiers: BioSample: SAMN07347697; Sample name: 15_24; SRA: SRS2533331,China:Weifang,Li2018,China-B
SRR6063003,Identifiers: BioSample: SAMN07347696; Sample name: 15_23; SRA: SRS2533332,China:Weifang,Li2018,China-B
SRR6063004,Identifiers: BioSample: SAMN07347864; Sample name: 20A_14; SRA: SRS2533330,China:Dandong,Li2018,China-D
SRR6063005,Identifiers: BioSample: SAMN07347859; Sample name: 20A_15; SRA: SRS2533329,China:Dandong,Li2018,China-D
SRR6063006,Identifiers: BioSample: SAMN07347821; Sample name: 19_20; SRA: SRS2533328,China:Binzhou,Li2018,China-B
SRR6063007,Identifiers: BioSample: SAMN07347822; Sample name: 19_21; SRA: SRS2533327,China:Binzhou,Li2018,China-B
SRR6063008,Identifiers: BioSample: SAMN07347823; Sample name: 19_3; SRA: SRS2533326,China:Binzhou,Li2018,China-B
SRR6063009,Identifiers: BioSample: SAMN07347824; Sample name: 19_5; SRA: SRS2533325,China:Binzhou,Li2018,China-B
SRR6063010,Identifiers: BioSample: SAMN07347860; Sample name: 20A_1; SRA: SRS2533324,China:Dandong,Li2018,China-D
SRR6063011,Identifiers: BioSample: SAMN07347861; Sample name: 20A_10; SRA: SRS2533323,China:Dandong,Li2018,China-D
SRR6063012,Identifiers: BioSample: SAMN07347862; Sample name: 20A_11; SRA: SRS2533322,China:Dandong,Li2018,China-D
SRR6063013,Identifiers: BioSample: SAMN07347863; Sample name: 20A_13; SRA: SRS2533321,China:Dandong,Li2018,China-D
SRR6063014,Identifiers: BioSample: SAMN07347885; Sample name: 20_21; SRA: SRS2533320,China:Rizhao,Li2018,China-C
SRR6063015,Identifiers: BioSample: SAMN07347886; Sample name: 20_5; SRA: SRS2533316,China:Rizhao,Li2018,China-C
SRR6063016,Identifiers: BioSample: SAMN07347880; Sample name: 20_10; SRA: SRS2533319,China:Rizhao,Li2018,China-C
SRR6063017,Identifiers: BioSample: SAMN07347877; Sample name: 20A_9; SRA: SRS2533318,China:Dandong,Li2018,China-D
SRR6063018,Identifiers: BioSample: SAMN07347876; Sample name: 20A_8; SRA: SRS2533317,China:Dandong,Li2018,China-D
SRR6063019,Identifiers: BioSample: SAMN07347875; Sample name: 20A_7; SRA: SRS2533315,China:Dandong,Li2018,China-D
SRR6063020,Identifiers: BioSample: SAMN07347884; Sample name: 20_2; SRA: SRS2533314,China:Rizhao,Li2018,China-C
SRR6063021,Identifiers: BioSample: SAMN07347883; Sample name: 20_19; SRA: SRS2533312,China:Rizhao,Li2018,China-C
SRR6063022,Identifiers: BioSample: SAMN07347882; Sample name: 20_17; SRA: SRS2533311,China:Rizhao,Li2018,China-C
SRR6063024,Identifiers: BioSample: SAMN07347891; Sample name: 6A_21; SRA: SRS2533309,China:Rizhao,Li2018,China-C
SRR6063025,Identifiers: BioSample: SAMN07347812; Sample name: 6A_19; SRA: SRS2533308,China:Dalian,Li2018,China-A
SRR6063026,Identifiers: BioSample: SAMN07347967; Sample name: 29_4; SRA: SRS2533306,China:Changli,Li2018,China-B
SRR6063028,Identifiers: BioSample: SAMN07347966; Sample name: 29_13; SRA: SRS2533305,China:Changli,Li2018,China-B
SRR6063029,Identifiers: BioSample: SAMN07347858; Sample name: 28A_9; SRA: SRS2533304,China:Binzhou,Li2018,China-B
SRR6063030,Identifiers: BioSample: SAMN07347857; Sample name: 28A_8; SRA: SRS2533302,China:Binzhou,Li2018,China-B
SRR6063031,Identifiers: BioSample: SAMN07347856; Sample name: 28A_7; SRA: SRS2533301,China:Binzhou,Li2018,China-B
SRR6063032,Identifiers: BioSample: SAMN07347855; Sample name: 28A_6; SRA: SRS2533300,China:Binzhou,Li2018,China-B
SRR6063035,Identifiers: BioSample: SAMN07347879; Sample name: 6_21; SRA: SRS2533297,China:Dandong,Li2018,China-D
SRR6063036,Identifiers: BioSample: SAMN07347878; Sample name: 6_13; SRA: SRS2533296,China:Dandong,Li2018,China-D
SRR6063037,Identifiers: BioSample: SAMN07347620; Sample name: 12A_11; SRA: SRS2533295,China:Jinzhou,Li2018,China-B
SRR6063039,Identifiers: BioSample: SAMN07347621; Sample name: 12A_10; SRA: SRS2533284,China:Jinzhou,Li2018,China-B
SRR6063040,Identifiers: BioSample: SAMN07347606; Sample name: 11_6; SRA: SRS2533293,China:Yantai,Li2018,China-A
SRR6063041,Identifiers: BioSample: SAMN07347625; Sample name: 12A_15; SRA: SRS2533291,China:Jinzhou,Li2018,China-B
SRR6063042,Identifiers: BioSample: SAMN07347624; Sample name: 12A_14; SRA: SRS2533290,China:Jinzhou,Li2018,China-B
SRR6063044,Identifiers: BioSample: SAMN07347623; Sample name: 12A_13; SRA: SRS2533289,China:Jinzhou,Li2018,China-B
SRR6063045,Identifiers: BioSample: SAMN07347622; Sample name: 12A_12; SRA: SRS2533288,China:Jinzhou,Li2018,China-B
SRR6063046,Identifiers: BioSample: SAMN07347627; Sample name: 12A_17; SRA: SRS2533287,China:Jinzhou,Li2018,China-B
SRR6063047,Identifiers: BioSample: SAMN07347626; Sample name: 12A_16; SRA: SRS2533286,China:Jinzhou,Li2018,China-B
SRR6063050,Identifiers: BioSample: SAMN07347566; Sample name: 10A_12; SRA: SRS2533282,China:RongCheng,Li2018,China-A
SRR6063051,Identifiers: BioSample: SAMN07347565; Sample name: 10A_11; SRA: SRS2533280,China:RongCheng,Li2018,China-A
SRR6063052,Identifiers: BioSample: SAMN07347564; Sample name: 10A_10; SRA: SRS2533281,China:RongCheng,Li2018,China-A
SRR6063053,Identifiers: BioSample: SAMN07347563; Sample name: 10A_1; SRA: SRS2533279,China:RongCheng,Li2018,China-A
SRR6063056,Identifiers: BioSample: SAMN07347568; Sample name: 10A_15; SRA: SRS2533276,China:RongCheng,Li2018,China-A
SRR6063057,Identifiers: BioSample: SAMN07347567; Sample name: 10A_13; SRA: SRS2533275,China:RongCheng,Li2018,China-A
SRR6063058,Identifiers: BioSample: SAMN07347893; Sample name: 6A_25; SRA: SRS2533273,China:Rizhao,Li2018,China-C
SRR6063059,Identifiers: BioSample: SAMN07347892; Sample name: 6A_23; SRA: SRS2533274,China:Rizhao,Li2018,China-C
SRR6063061,Identifiers: BioSample: SAMN07347816; Sample name: 6A_9; SRA: SRS2533271,China:Dalian,Li2018,China-A
SRR6063062,Identifiers: BioSample: SAMN07347815; Sample name: 6A_7; SRA: SRS2533270,China:Dalian,Li2018,China-A
SRR6063063,Identifiers: BioSample: SAMN07347814; Sample name: 6A_6; SRA: SRS2533269,China:Dalian,Li2018,China-A
SRR6063064,Identifiers: BioSample: SAMN07347813; Sample name: 6A_4; SRA: SRS2533267,China:Dalian,Li2018,China-A
SRR6063073,Identifiers: BioSample: SAMN07347727; Sample name: 7_23; SRA: SRS2533259,China:Weihai,Li2018,China-A
SRR6063074,Identifiers: BioSample: SAMN07347938; Sample name: 24A_11; SRA: SRS2533258,China:Tianjin,Li2018,China-B
SRR6063075,Identifiers: BioSample: SAMN07347942; Sample name: 24A_12; SRA: SRS2533251,China:Tianjin,Li2018,China-B
SRR6063076,Identifiers: BioSample: SAMN07347941; Sample name: 24A_10; SRA: SRS2533257,China:Tianjin,Li2018,China-B
SRR6063077,Identifiers: BioSample: SAMN07347940; Sample name: 24A_1; SRA: SRS2533255,China:Tianjin,Li2018,China-B
SRR6063078,Identifiers: BioSample: SAMN07347925; Sample name: 23_25; SRA: SRS2533253,China:Bayuquan,Li2018,China-B
SRR6063080,Identifiers: BioSample: SAMN07347924; Sample name: 23_20; SRA: SRS2533254,China:Bayuquan,Li2018,China-B
SRR6063081,Identifiers: BioSample: SAMN07347923; Sample name: 22_9; SRA: SRS2533252,China:Bayuquan,Li2018,China-B
SRR6063082,Identifiers: BioSample: SAMN07347922; Sample name: 22_25; SRA: SRS2533250,China:Bayuquan,Li2018,China-B
SRR6063083,Identifiers: BioSample: SAMN07347921; Sample name: 22_18; SRA: SRS2533249,China:Bayuquan,Li2018,China-B
SRR6063084,Identifiers: BioSample: SAMN07347920; Sample name: 22_15; SRA: SRS2533248,China:Bayuquan,Li2018,China-B
SRR6063085,Identifiers: BioSample: SAMN07347777; Sample name: 18A_24; SRA: SRS2533247,China:Laoting,Li2018,China-B
SRR6063086,Identifiers: BioSample: SAMN07347778; Sample name: 18A_25; SRA: SRS2533245,China:Laoting,Li2018,China-B
SRR6063087,Identifiers: BioSample: SAMN07347775; Sample name: 18A_22; SRA: SRS2533244,China:Laoting,Li2018,China-B
SRR6063088,Identifiers: BioSample: SAMN07347776; Sample name: 18A_23; SRA: SRS2533243,China:Laoting,Li2018,China-B
SRR6063089,Identifiers: BioSample: SAMN07347773; Sample name: 18A_20; SRA: SRS2533241,China:Laoting,Li2018,China-B
SRR6063090,Identifiers: BioSample: SAMN07347774; Sample name: 18A_21; SRA: SRS2533242,China:Laoting,Li2018,China-B
SRR6063091,Identifiers: BioSample: SAMN07347771; Sample name: 18A_19; SRA: SRS2533240,China:Laoting,Li2018,China-B
SRR6063092,Identifiers: BioSample: SAMN07347772; Sample name: 18A_2; SRA: SRS2533239,China:Laoting,Li2018,China-B
SRR6063093,Identifiers: BioSample: SAMN07347779; Sample name: 18A_3; SRA: SRS2533238,China:Laoting,Li2018,China-B
SRR6063094,Identifiers: BioSample: SAMN07347780; Sample name: 18A_4; SRA: SRS2533237,China:Laoting,Li2018,China-B
SRR6063096,Identifiers: BioSample: SAMN07347894; Sample name: Rizh25; SRA: SRS2533236,China:Rizhao,Li2018,China-C
SRR6063097,Identifiers: BioSample: SAMN07347731; Sample name: WeiH3; SRA: SRS2533234,China:Weihai,Li2018,China-A
SRR6063100,Identifiers: BioSample: SAMN07347931; Sample name: 8A_13; SRA: SRS2533232,China:Bayuquan,Li2018,China-B
SRR6063101,Identifiers: BioSample: SAMN07347930; Sample name: 8A_12; SRA: SRS2533230,China:Bayuquan,Li2018,China-B
SRR6063106,Identifiers: BioSample: SAMN07347683; Sample name: 14A_10; SRA: SRS2533225,China:Weifang,Li2018,China-B
SRR6063107,Identifiers: BioSample: SAMN07347684; Sample name: 14A_11; SRA: SRS2533223,China:Weifang,Li2018,China-B
SRR6063109,Identifiers: BioSample: SAMN07347682; Sample name: 14A_1; SRA: SRS2533222,China:Weifang,Li2018,China-B
SRR6063111,Identifiers: BioSample: SAMN07347686; Sample name: 14A_13; SRA: SRS2533219,China:Weifang,Li2018,China-B
SRR6063112,Identifiers: BioSample: SAMN07347575; Sample name: 8_13; SRA: SRS2533218,China:RongCheng,Li2018,China-A
SRR6063113,Identifiers: BioSample: SAMN07347574; Sample name: 8_12; SRA: SRS2533216,China:RongCheng,Li2018,China-A
SRR6063114,Identifiers: BioSample: SAMN07347573; Sample name: 8_10; SRA: SRS2533215,China:RongCheng,Li2018,China-A
SRR6063115,Identifiers: BioSample: SAMN07347937; Sample name: 8A_9; SRA: SRS2533214,China:Bayuquan,Li2018,China-B
SRR6063116,Identifiers: BioSample: SAMN07347926; Sample name: 8A_8; SRA: SRS2533213,China:Bayuquan,Li2018,China-B
SRR6063117,Identifiers: BioSample: SAMN07347936; Sample name: 8A_7; SRA: SRS2533212,China:Bayuquan,Li2018,China-B
SRR6063140,Identifiers: BioSample: SAMN07347752; Sample name: 16A_23; SRA: SRS2533191,China:Lianyungang,Li2018,China-C
SRR6063146,Identifiers: BioSample: SAMN07347747; Sample name: 16A_16; SRA: SRS2533184,China:Lianyungang,Li2018,China-C
SRR6063147,Identifiers: BioSample: SAMN07347748; Sample name: 16A_17; SRA: SRS2533185,China:Lianyungang,Li2018,China-C
SRR6063148,Identifiers: BioSample: SAMN07347612; Sample name: 16A_13; SRA: SRS2533183,China:Yantai,Li2018,China-A
SRR6063150,Identifiers: BioSample: SAMN07347614; Sample name: 16A_2; SRA: SRS2533181,China:Yantai,Li2018,China-A
SRR6063151,Identifiers: BioSample: SAMN07347751; Sample name: 16A_20; SRA: SRS2533180,China:Lianyungang,Li2018,China-C
SRR6063152,Identifiers: BioSample: SAMN07347749; Sample name: 16A_18; SRA: SRS2533179,China:Lianyungang,Li2018,China-C
SRR6063153,Identifiers: BioSample: SAMN07347750; Sample name: 16A_19; SRA: SRS2533178,China:Lianyungang,Li2018,China-C
SRR6063154,Identifiers: BioSample: SAMN07347611; Sample name: 16A_12; SRA: SRS2533177,China:Yantai,Li2018,China-A
SRR6063155,Identifiers: BioSample: SAMN07347610; Sample name: 16A_11; SRA: SRS2533176,China:Yantai,Li2018,China-A
SRR6063156,Identifiers: BioSample: SAMN07347872; Sample name: 20A_4; SRA: SRS2533175,China:Dandong,Li2018,China-D
SRR6063157,Identifiers: BioSample: SAMN07347871; Sample name: 20A_25; SRA: SRS2533174,China:Dandong,Li2018,China-D
SRR6063158,Identifiers: BioSample: SAMN07347870; Sample name: 20A_24; SRA: SRS2533172,China:Dandong,Li2018,China-D
SRR6063159,Identifiers: BioSample: SAMN07347869; Sample name: 20A_22; SRA: SRS2533171,China:Dandong,Li2018,China-D
SRR6063160,Identifiers: BioSample: SAMN07347868; Sample name: 20A_21; SRA: SRS2533169,China:Dandong,Li2018,China-D
SRR6063161,Identifiers: BioSample: SAMN07347867; Sample name: 20A_2; SRA: SRS2533168,China:Dandong,Li2018,China-D
SRR6063162,Identifiers: BioSample: SAMN07347866; Sample name: 20A_19; SRA: SRS2533167,China:Dandong,Li2018,China-D
SRR6063163,Identifiers: BioSample: SAMN07347865; Sample name: 20A_16; SRA: SRS2533166,China:Dandong,Li2018,China-D
SRR6063164,Identifiers: BioSample: SAMN07347874; Sample name: 20A_6; SRA: SRS2533165,China:Dandong,Li2018,China-D
SRR6063165,Identifiers: BioSample: SAMN07347873; Sample name: 20A_5; SRA: SRS2533164,China:Dandong,Li2018,China-D
SRR6063166,Identifiers: BioSample: SAMN07347699; Sample name: 15_3; SRA: SRS2533163,China:Weifang,Li2018,China-B
SRR6063167,Identifiers: BioSample: SAMN07347743; Sample name: 22A_3; SRA: SRS2533162,China:Haiyangdao,Li2018,China-D
SRR6063168,Identifiers: BioSample: SAMN07347744; Sample name: 22A_5; SRA: SRS2533161,China:Haiyangdao,Li2018,China-D
SRR6063169,Identifiers: BioSample: SAMN07347741; Sample name: 22A_24; SRA: SRS2533159,China:Haiyangdao,Li2018,China-D
SRR6063170,Identifiers: BioSample: SAMN07347742; Sample name: 22A_25; SRA: SRS2533160,China:Haiyangdao,Li2018,China-D
SRR6063171,Identifiers: BioSample: SAMN07347739; Sample name: 22A_19; SRA: SRS2533158,China:Haiyangdao,Li2018,China-D
SRR6063172,Identifiers: BioSample: SAMN07347740; Sample name: 22A_22; SRA: SRS2533157,China:Haiyangdao,Li2018,China-D
SRR6063173,Identifiers: BioSample: SAMN07347737; Sample name: 22A_16; SRA: SRS2533156,China:Haiyangdao,Li2018,China-D
SRR6063174,Identifiers: BioSample: SAMN07347738; Sample name: 22A_17; SRA: SRS2533155,China:Haiyangdao,Li2018,China-D
SRR6063175,Identifiers: BioSample: SAMN07347745; Sample name: 22A_9; SRA: SRS2533154,China:Haiyangdao,Li2018,China-D
SRR6063176,Identifiers: BioSample: SAMN07347919; Sample name: 22_1; SRA: SRS2533153,China:Bayuquan,Li2018,China-B
SRR6063178,Identifiers: BioSample: SAMN07347639; Sample name: 12A_5; SRA: SRS2533555,China:Jinzhou,Li2018,China-B
SRR6063180,Identifiers: BioSample: SAMN07347638; Sample name: 12A_4; SRA: SRS2533554,China:Jinzhou,Li2018,China-B
SRR6063181,Identifiers: BioSample: SAMN07347641; Sample name: 12A_7; SRA: SRS2533553,China:Jinzhou,Li2018,China-B
SRR6063183,Identifiers: BioSample: SAMN07347640; Sample name: 12A_6; SRA: SRS2533550,China:Jinzhou,Li2018,China-B
SRR6063188,Identifiers: BioSample: SAMN07347615; Sample name: 16A_3; SRA: SRS2533548,China:Yantai,Li2018,China-A
SRR6063189,Identifiers: BioSample: SAMN07347617; Sample name: 16A_6; SRA: SRS2533547,China:Yantai,Li2018,China-A
SRR6063190,Identifiers: BioSample: SAMN07347754; Sample name: 16A_25; SRA: SRS2533531,China:Lianyungang,Li2018,China-C
SRR6063191,Identifiers: BioSample: SAMN07347616; Sample name: 16A_5; SRA: SRS2533545,China:Yantai,Li2018,China-A
SRR6063192,Identifiers: BioSample: SAMN07347618; Sample name: 16A_8; SRA: SRS2533544,China:Yantai,Li2018,China-A
SRR6063193,Identifiers: BioSample: SAMN07347608; Sample name: 16A_7; SRA: SRS2533546,China:Yantai,Li2018,China-A
SRR6063195,Identifiers: BioSample: SAMN07347619; Sample name: 16A_9; SRA: SRS2533541,China:Yantai,Li2018,China-A
SRR6063197,Identifiers: BioSample: SAMN07347770; Sample name: 18A_18; SRA: SRS2533538,China:Laoting,Li2018,China-B
SRR6063198,Identifiers: BioSample: SAMN07347769; Sample name: 18A_17; SRA: SRS2533537,China:Laoting,Li2018,China-B
SRR6063201,Identifiers: BioSample: SAMN07347734; Sample name: 22A_11; SRA: SRS2533536,China:Haiyangdao,Li2018,China-D
SRR6063202,Identifiers: BioSample: SAMN07347733; Sample name: 22A_10; SRA: SRS2533534,China:Haiyangdao,Li2018,China-D
SRR6063203,Identifiers: BioSample: SAMN07347890; Sample name: 21_25; SRA: SRS2533535,China:Rizhao,Li2018,China-C
SRR6063205,Identifiers: BioSample: SAMN07347889; Sample name: 21_24; SRA: SRS2533525,China:Rizhao,Li2018,China-C
SRR6063207,Identifiers: BioSample: SAMN07347644; Sample name: 17_16; SRA: SRS2533530,China:Jinzhou,Li2018,China-B
SRR6063208,Identifiers: BioSample: SAMN07347645; Sample name: 17_17; SRA: SRS2533528,China:Jinzhou,Li2018,China-B
SRR6063209,Identifiers: BioSample: SAMN07347763; Sample name: 18A_10; SRA: SRS2533529,China:Laoting,Li2018,China-B
SRR6063210,Identifiers: BioSample: SAMN07347647; Sample name: 17_19; SRA: SRS2533527,China:Jinzhou,Li2018,China-B
SRR6063211,Identifiers: BioSample: SAMN07347736; Sample name: 22A_15; SRA: SRS2533526,China:Haiyangdao,Li2018,China-D
SRR6063212,Identifiers: BioSample: SAMN07347735; Sample name: 22A_13; SRA: SRS2533524,China:Haiyangdao,Li2018,China-D
SRR6063215,Identifiers: BioSample: SAMN07347836; Sample name: 28A_1; SRA: SRS2533519,China:Binzhou,Li2018,China-B
SRR6063216,Identifiers: BioSample: SAMN07347652; Sample name: 26_3; SRA: SRS2533521,China:Jinzhou,Li2018,China-B
SRR6063217,Identifiers: BioSample: SAMN07347838; Sample name: 28A_11; SRA: SRS2533520,China:Binzhou,Li2018,China-B
SRR6063218,Identifiers: BioSample: SAMN07347837; Sample name: 28A_10; SRA: SRS2533518,China:Binzhou,Li2018,China-B
SRR6063219,Identifiers: BioSample: SAMN07347840; Sample name: 28A_13; SRA: SRS2533516,China:Binzhou,Li2018,China-B
SRR6063220,Identifiers: BioSample: SAMN07347839; Sample name: 28A_12; SRA: SRS2533515,China:Binzhou,Li2018,China-B
SRR6063221,Identifiers: BioSample: SAMN07347842; Sample name: 28A_15; SRA: SRS2533514,China:Binzhou,Li2018,China-B
SRR6063222,Identifiers: BioSample: SAMN07347841; Sample name: 28A_14; SRA: SRS2533517,China:Binzhou,Li2018,China-B
SRR6063223,Identifiers: BioSample: SAMN07347844; Sample name: 28A_17; SRA: SRS2533513,China:Binzhou,Li2018,China-B
SRR6063224,Identifiers: BioSample: SAMN07347843; Sample name: 28A_16; SRA: SRS2533512,China:Binzhou,Li2018,China-B
SRR6063225,Identifiers: BioSample: SAMN07347572; Sample name: 10A_8; SRA: SRS2533511,China:RongCheng,Li2018,China-A
SRR6063226,Identifiers: BioSample: SAMN07347579; Sample name: 10_20; SRA: SRS2533490,China:ZhuangHe,Li2018,China-D
SRR6063231,Identifiers: BioSample: SAMN07347570; Sample name: 10A_4; SRA: SRS2533505,China:RongCheng,Li2018,China-A
SRR6063232,Identifiers: BioSample: SAMN07347569; Sample name: 10A_3; SRA: SRS2533507,China:RongCheng,Li2018,China-A
SRR6063233,Identifiers: BioSample: SAMN07347562; Sample name: 10A_5; SRA: SRS2533506,China:RongCheng,Li2018,China-A
SRR6063234,Identifiers: BioSample: SAMN07347571; Sample name: 10A_6; SRA: SRS2533494,China:RongCheng,Li2018,China-A
SRR6063235,Identifiers: BioSample: SAMN07347597; Sample name: 4A_6; SRA: SRS2533503,China:ZhuangHe,Li2018,China-D
SRR6063236,Identifiers: BioSample: SAMN07347596; Sample name: 4A_5; SRA: SRS2533499,China:ZhuangHe,Li2018,China-D
SRR6063237,Identifiers: BioSample: SAMN07347975; Sample name: 4A_24; SRA: SRS2533502,China:Changli,Li2018,China-B
SRR6063238,Identifiers: BioSample: SAMN07347595; Sample name: 4A_4; SRA: SRS2533500,China:ZhuangHe,Li2018,China-D
SRR6063239,Identifiers: BioSample: SAMN07347974; Sample name: 4A_23; SRA: SRS2533480,China:Changli,Li2018,China-B
SRR6063240,Identifiers: BioSample: SAMN07347594; Sample name: 4A_25; SRA: SRS2533501,China:ZhuangHe,Li2018,China-D
SRR6063241,Identifiers: BioSample: SAMN07347592; Sample name: 4A_2; SRA: SRS2533498,China:ZhuangHe,Li2018,China-D
SRR6063242,Identifiers: BioSample: SAMN07347583; Sample name: 4A_19; SRA: SRS2533497,China:ZhuangHe,Li2018,China-D
SRR6063243,Identifiers: BioSample: SAMN07347973; Sample name: 4A_22; SRA: SRS2533496,China:Changli,Li2018,China-B
SRR6063244,Identifiers: BioSample: SAMN07347593; Sample name: 4A_20; SRA: SRS2533495,China:ZhuangHe,Li2018,China-D
SRR6063245,Identifiers: BioSample: SAMN07347970; Sample name: 30_21; SRA: SRS2533493,China:Changli,Li2018,China-B
SRR6063246,Identifiers: BioSample: SAMN07347971; Sample name: 30_22; SRA: SRS2533492,China:Changli,Li2018,China-B
SRR6063247,Identifiers: BioSample: SAMN07347993; Sample name: 30_3; SRA: SRS2533491,China:Qinhuangdao,Li2018,China-B
SRR6063248,Identifiers: BioSample: SAMN07347972; Sample name: 30_23; SRA: SRS2533487,China:Changli,Li2018,China-B
SRR6063249,Identifiers: BioSample: SAMN07347991; Sample name: 30_16; SRA: SRS2533488,China:Qinhuangdao,Li2018,China-B
SRR6063250,Identifiers: BioSample: SAMN07347968; Sample name: 30_19; SRA: SRS2533489,China:Changli,Li2018,China-B
SRR6063251,Identifiers: BioSample: SAMN07347992; Sample name: 30_2; SRA: SRS2533486,China:Qinhuangdao,Li2018,China-B
SRR6063252,Identifiers: BioSample: SAMN07347969; Sample name: 30_20; SRA: SRS2533485,China:Changli,Li2018,China-B
SRR6063253,Identifiers: BioSample: SAMN07347746; Sample name: HYD1; SRA: SRS2533484,China:Haiyangdao,Li2018,China-D
SRR6063254,Identifiers: BioSample: SAMN07347994; Sample name: 30_4; SRA: SRS2533483,China:Qinhuangdao,Li2018,China-B
SRR6063255,Identifiers: BioSample: SAMN07347995; Sample name: 30_5; SRA: SRS2533482,China:Qinhuangdao,Li2018,China-B
SRR6063256,Identifiers: BioSample: SAMN07347950; Sample name: 24A_9; SRA: SRS2533481,China:Tianjin,Li2018,China-B
SRR6063257,Identifiers: BioSample: SAMN07347949; Sample name: 24A_8; SRA: SRS2533479,China:Tianjin,Li2018,China-B
SRR6063258,Identifiers: BioSample: SAMN07347786; Sample name: 26A_11; SRA: SRS2533478,China:Laoting,Li2018,China-B
SRR6063259,Identifiers: BioSample: SAMN07347833; Sample name: 24A_23; SRA: SRS2533477,China:Binzhou,Li2018,China-B
SRR6063260,Identifiers: BioSample: SAMN07347825; Sample name: 24A_22; SRA: SRS2533476,China:Binzhou,Li2018,China-B
SRR6063261,Identifiers: BioSample: SAMN07347835; Sample name: 24A_25; SRA: SRS2533475,China:Binzhou,Li2018,China-B
SRR6063262,Identifiers: BioSample: SAMN07347834; Sample name: 24A_24; SRA: SRS2533474,China:Binzhou,Li2018,China-B
SRR6063263,Identifiers: BioSample: SAMN07347946; Sample name: 24A_5; SRA: SRS2533473,China:Tianjin,Li2018,China-B
SRR6063264,Identifiers: BioSample: SAMN07347945; Sample name: 24A_4; SRA: SRS2533471,China:Tianjin,Li2018,China-B
SRR6063265,Identifiers: BioSample: SAMN07347948; Sample name: 24A_7; SRA: SRS2533472,China:Tianjin,Li2018,China-B
SRR6063266,Identifiers: BioSample: SAMN07347947; Sample name: 24A_6; SRA: SRS2533470,China:Tianjin,Li2018,China-B
SRR6063267,Identifiers: BioSample: SAMN07347713; Sample name: 14A_23; SRA: SRS2533468,China:Weihai,Li2018,China-A
SRR6063268,Identifiers: BioSample: SAMN07347714; Sample name: 14A_24; SRA: SRS2533469,China:Weihai,Li2018,China-A
SRR6063269,Identifiers: BioSample: SAMN07347715; Sample name: 14A_25; SRA: SRS2533467,China:Weihai,Li2018,China-A
SRR6063270,Identifiers: BioSample: SAMN07347690; Sample name: 14A_3; SRA: SRS2533465,China:Weifang,Li2018,China-B
SRR6063271,Identifiers: BioSample: SAMN07347691; Sample name: 14A_5; SRA: SRS2533463,China:Weifang,Li2018,China-B
SRR6063272,Identifiers: BioSample: SAMN07347692; Sample name: 14A_8; SRA: SRS2533466,China:Weifang,Li2018,China-B
SRR6063273,Identifiers: BioSample: SAMN07347693; Sample name: 15_12; SRA: SRS2533462,China:Weifang,Li2018,China-B
SRR6063274,Identifiers: BioSample: SAMN07347732; Sample name: 14_8; SRA: SRS2533460,China:Haiyangdao,Li2018,China-D
SRR6063275,Identifiers: BioSample: SAMN07347694; Sample name: 15_15; SRA: SRS2533461,China:Weifang,Li2018,China-B
SRR6063276,Identifiers: BioSample: SAMN07347695; Sample name: 15_21; SRA: SRS2533459,China:Weifang,Li2018,China-B
SRR6063277,Identifiers: BioSample: SAMN07347887; Sample name: 21_20; SRA: SRS2533458,China:Rizhao,Li2018,China-C
SRR6063278,Identifiers: BioSample: SAMN07347888; Sample name: 21_22; SRA: SRS2533457,China:Rizhao,Li2018,China-C
SRR6063287,Identifiers: BioSample: SAMN07347935; Sample name: 8A_6; SRA: SRS2533448,China:Bayuquan,Li2018,China-B
SRR6063288,Identifiers: BioSample: SAMN07347934; Sample name: 8A_3; SRA: SRS2533446,China:Bayuquan,Li2018,China-B
SRR6063289,Identifiers: BioSample: SAMN07347853; Sample name: 28A_4; SRA: SRS2533447,China:Binzhou,Li2018,China-B
SRR6063290,Identifiers: BioSample: SAMN07347854; Sample name: 28A_5; SRA: SRS2533445,China:Binzhou,Li2018,China-B
SRR6063291,Identifiers: BioSample: SAMN07347729; Sample name: 7_5; SRA: SRS2533444,China:Weihai,Li2018,China-A
SRR6063292,Identifiers: BioSample: SAMN07347728; Sample name: 7_4; SRA: SRS2533442,China:Weihai,Li2018,China-A
SRR6063293,Identifiers: BioSample: SAMN07347927; Sample name: 8A_1; SRA: SRS2533443,China:Bayuquan,Li2018,China-B
SRR6063294,Identifiers: BioSample: SAMN07347929; Sample name: 8A_11; SRA: SRS2533440,China:Bayuquan,Li2018,China-B
SRR6063295,Identifiers: BioSample: SAMN07347730; Sample name: 7_6; SRA: SRS2533437,China:Weihai,Li2018,China-A
SRR6063296,Identifiers: BioSample: SAMN07347928; Sample name: 8A_10; SRA: SRS2533439,China:Bayuquan,Li2018,China-B
SRR6063297,Identifiers: BioSample: SAMN07347845; Sample name: 28A_19; SRA: SRS2533441,China:Binzhou,Li2018,China-B
SRR6063298,Identifiers: BioSample: SAMN07347846; Sample name: 28A_2; SRA: SRS2533438,China:Binzhou,Li2018,China-B
SRR6063299,Identifiers: BioSample: SAMN07347847; Sample name: 28A_20; SRA: SRS2533435,China:Binzhou,Li2018,China-B
SRR6063300,Identifiers: BioSample: SAMN07347848; Sample name: 28A_21; SRA: SRS2533434,China:Binzhou,Li2018,China-B
SRR6063301,Identifiers: BioSample: SAMN07347850; Sample name: 28A_24; SRA: SRS2533436,China:Binzhou,Li2018,China-B
SRR6063302,Identifiers: BioSample: SAMN07347849; Sample name: 28A_22; SRA: SRS2533396,China:Binzhou,Li2018,China-B
SRR6063303,Identifiers: BioSample: SAMN07347851; Sample name: 28A_25; SRA: SRS2533433,China:Binzhou,Li2018,China-B
SRR6063304,Identifiers: BioSample: SAMN07347852; Sample name: 28A_3; SRA: SRS2533432,China:Binzhou,Li2018,China-B
SRR6063305,Identifiers: BioSample: SAMN07347577; Sample name: 8_17; SRA: SRS2533431,China:RongCheng,Li2018,China-A
SRR6063306,Identifiers: BioSample: SAMN07347634; Sample name: 12A_23; SRA: SRS2533430,China:Jinzhou,Li2018,China-B
SRR6063307,Identifiers: BioSample: SAMN07347576; Sample name: 8_16; SRA: SRS2533429,China:RongCheng,Li2018,China-A
SRR6063308,Identifiers: BioSample: SAMN07347635; Sample name: 12A_24; SRA: SRS2533428,China:Jinzhou,Li2018,China-B
SRR6063309,Identifiers: BioSample: SAMN07347632; Sample name: 12A_21; SRA: SRS2533427,China:Jinzhou,Li2018,China-B
SRR6063310,Identifiers: BioSample: SAMN07347633; Sample name: 12A_22; SRA: SRS2533426,China:Jinzhou,Li2018,China-B
SRR6063311,Identifiers: BioSample: SAMN07347630; Sample name: 12A_2; SRA: SRS2533425,China:Jinzhou,Li2018,China-B
SRR6063312,Identifiers: BioSample: SAMN07347631; Sample name: 12A_20; SRA: SRS2533424,China:Jinzhou,Li2018,China-B
SRR6063313,Identifiers: BioSample: SAMN07347628; Sample name: 12A_18; SRA: SRS2533423,China:Jinzhou,Li2018,China-B
SRR6063314,Identifiers: BioSample: SAMN07347629; Sample name: 12A_19; SRA: SRS2533422,China:Jinzhou,Li2018,China-B
SRR6063315,Identifiers: BioSample: SAMN07347637; Sample name: 12A_3; SRA: SRS2533421,China:Jinzhou,Li2018,China-B
SRR6063316,Identifiers: BioSample: SAMN07347636; Sample name: 12A_25; SRA: SRS2533399,China:Jinzhou,Li2018,China-B
SRR6063317,Identifiers: BioSample: SAMN07347720; Sample name: 7_17; SRA: SRS2533420,China:Weihai,Li2018,China-A
SRR6063318,Identifiers: BioSample: SAMN07347722; Sample name: 7_19; SRA: SRS2533419,China:Weihai,Li2018,China-A
SRR6063319,Identifiers: BioSample: SAMN07347721; Sample name: 7_18; SRA: SRS2533417,China:Weihai,Li2018,China-A
SRR6063320,Identifiers: BioSample: SAMN07347723; Sample name: 7_2; SRA: SRS2533418,China:Weihai,Li2018,China-A
SRR6063321,Identifiers: BioSample: SAMN07347716; Sample name: 7_10; SRA: SRS2533416,China:Weihai,Li2018,China-A
SRR6063322,Identifiers: BioSample: SAMN07347717; Sample name: 7_11; SRA: SRS2533415,China:Weihai,Li2018,China-A
SRR6063323,Identifiers: BioSample: SAMN07347718; Sample name: 7_12; SRA: SRS2533414,China:Weihai,Li2018,China-A
SRR6063324,Identifiers: BioSample: SAMN07347719; Sample name: 7_16; SRA: SRS2533413,China:Weihai,Li2018,China-A
SRR6063325,Identifiers: BioSample: SAMN07347725; Sample name: 7_21; SRA: SRS2533412,China:Weihai,Li2018,China-A
SRR6063326,Identifiers: BioSample: SAMN07347724; Sample name: 7_20; SRA: SRS2533402,China:Weihai,Li2018,China-A
SRR6063327,Identifiers: BioSample: SAMN07347939; Sample name: 24A_13; SRA: SRS2533410,China:Tianjin,Li2018,China-B
SRR6063328,Identifiers: BioSample: SAMN07347943; Sample name: 24A_14; SRA: SRS2533411,China:Tianjin,Li2018,China-B
SRR6063329,Identifiers: BioSample: SAMN07347826; Sample name: 24A_15; SRA: SRS2533409,China:Binzhou,Li2018,China-B
SRR6063330,Identifiers: BioSample: SAMN07347827; Sample name: 24A_16; SRA: SRS2533408,China:Binzhou,Li2018,China-B
SRR6063331,Identifiers: BioSample: SAMN07347828; Sample name: 24A_17; SRA: SRS2533407,China:Binzhou,Li2018,China-B
SRR6063332,Identifiers: BioSample: SAMN07347829; Sample name: 24A_18; SRA: SRS2533406,China:Binzhou,Li2018,China-B
SRR6063333,Identifiers: BioSample: SAMN07347830; Sample name: 24A_19; SRA: SRS2533405,China:Binzhou,Li2018,China-B
SRR6063334,Identifiers: BioSample: SAMN07347944; Sample name: 24A_2; SRA: SRS2533404,China:Tianjin,Li2018,China-B
SRR6063335,Identifiers: BioSample: SAMN07347831; Sample name: 24A_20; SRA: SRS2533403,China:Binzhou,Li2018,China-B
SRR6063336,Identifiers: BioSample: SAMN07347832; Sample name: 24A_21; SRA: SRS2533401,China:Binzhou,Li2018,China-B
SRR6063337,Identifiers: BioSample: SAMN07347651; Sample name: 17_8; SRA: SRS2533400,China:Jinzhou,Li2018,China-B
SRR6063338,Identifiers: BioSample: SAMN07347650; Sample name: 17_5; SRA: SRS2533398,China:Jinzhou,Li2018,China-B
SRR6063339,Identifiers: BioSample: SAMN07347768; Sample name: 18A_16; SRA: SRS2533397,China:Laoting,Li2018,China-B
SRR6063340,Identifiers: BioSample: SAMN07347766; Sample name: 18A_14; SRA: SRS2533395,China:Laoting,Li2018,China-B
SRR6063341,Identifiers: BioSample: SAMN07347767; Sample name: 18A_15; SRA: SRS2533390,China:Laoting,Li2018,China-B
SRR6063342,Identifiers: BioSample: SAMN07347765; Sample name: 18A_12; SRA: SRS2533394,China:Laoting,Li2018,China-B
SRR6063343,Identifiers: BioSample: SAMN07347648; Sample name: 17_2; SRA: SRS2533393,China:Jinzhou,Li2018,China-B
SRR6063344,Identifiers: BioSample: SAMN07347649; Sample name: 17_4; SRA: SRS2533392,China:Jinzhou,Li2018,China-B
SRR6063345,Identifiers: BioSample: SAMN07347688; Sample name: 14A_15; SRA: SRS2533387,China:Weifang,Li2018,China-B
SRR6063346,Identifiers: BioSample: SAMN07347687; Sample name: 14A_14; SRA: SRS2533388,China:Weifang,Li2018,China-B
SRR6063347,Identifiers: BioSample: SAMN07347707; Sample name: 14A_17; SRA: SRS2533389,China:Weihai,Li2018,China-A
SRR6063348,Identifiers: BioSample: SAMN07347706; Sample name: 14A_16; SRA: SRS2533391,China:Weihai,Li2018,China-A
SRR6063350,Identifiers: BioSample: SAMN07347708; Sample name: 14A_18; SRA: SRS2533385,China:Weihai,Li2018,China-A
SRR6063351,Identifiers: BioSample: SAMN07347710; Sample name: 14A_20; SRA: SRS2533384,China:Weihai,Li2018,China-A
SRR6063352,Identifiers: BioSample: SAMN07347689; Sample name: 14A_2; SRA: SRS2533383,China:Weifang,Li2018,China-B
SRR6063353,Identifiers: BioSample: SAMN07347712; Sample name: 14A_22; SRA: SRS2533382,China:Weihai,Li2018,China-A
SRR6063354,Identifiers: BioSample: SAMN07347711; Sample name: 14A_21; SRA: SRS2533381,China:Weihai,Li2018,China-A
SRR6063355,Identifiers: BioSample: SAMN07347646; Sample name: 17_18; SRA: SRS2533379,China:Jinzhou,Li2018,China-B
SRR6063360,Identifiers: BioSample: SAMN07347698; Sample name: 15_25; SRA: SRS2533374,China:Weifang,Li2018,China-B
SRR6063368,Identifiers: BioSample: SAMN07347984; Sample name: 30_9; SRA: SRS2533367,China:Qinhuangdao,Li2018,China-B
SRR6063369,Identifiers: BioSample: SAMN07347998; Sample name: 30_8; SRA: SRS2533365,China:Qinhuangdao,Li2018,China-B
SRR6063370,Identifiers: BioSample: SAMN07347997; Sample name: 30_7; SRA: SRS2533364,China:Qinhuangdao,Li2018,China-B
SRR6063371,Identifiers: BioSample: SAMN07347996; Sample name: 30_6; SRA: SRS2533363,China:Qinhuangdao,Li2018,China-B
SRR6063375,Identifiers: BioSample: SAMN07347764; Sample name: 18A_11; SRA: SRS2533647,China:Laoting,Li2018,China-B
SRR6063376,Identifiers: BioSample: SAMN07347793; Sample name: 26A_20; SRA: SRS2533645,China:Laoting,Li2018,China-B
SRR6063377,Identifiers: BioSample: SAMN07347794; Sample name: 26A_21; SRA: SRS2533644,China:Laoting,Li2018,China-B
SRR6063378,Identifiers: BioSample: SAMN07347791; Sample name: 26A_18; SRA: SRS2533646,China:Laoting,Li2018,China-B
SRR6063379,Identifiers: BioSample: SAMN07347792; Sample name: 26A_19; SRA: SRS2533643,China:Laoting,Li2018,China-B
SRR6063380,Identifiers: BioSample: SAMN07347797; Sample name: 26A_24; SRA: SRS2533642,China:Laoting,Li2018,China-B
SRR6063381,Identifiers: BioSample: SAMN07347798; Sample name: 26A_25; SRA: SRS2533641,China:Laoting,Li2018,China-B
SRR6063382,Identifiers: BioSample: SAMN07347795; Sample name: 26A_22; SRA: SRS2533640,China:Laoting,Li2018,China-B
SRR6063383,Identifiers: BioSample: SAMN07347796; Sample name: 26A_23; SRA: SRS2533639,China:Laoting,Li2018,China-B
SRR6063384,Identifiers: BioSample: SAMN07347799; Sample name: 26A_5; SRA: SRS2533638,China:Laoting,Li2018,China-B
SRR6063385,Identifiers: BioSample: SAMN07347800; Sample name: 26A_8; SRA: SRS2533637,China:Laoting,Li2018,China-B
SRR6063386,Identifiers: BioSample: SAMN07347726; Sample name: 7_22; SRA: SRS2533635,China:Weihai,Li2018,China-A
SRR6063387,Identifiers: BioSample: SAMN07347604; Sample name: 11_3; SRA: SRS2533636,China:Yantai,Li2018,China-A
SRR6063388,Identifiers: BioSample: SAMN07347605; Sample name: 11_5; SRA: SRS2533632,China:Yantai,Li2018,China-A
SRR6063389,Identifiers: BioSample: SAMN07347600; Sample name: 11_11; SRA: SRS2533634,China:Yantai,Li2018,China-A
SRR6063390,Identifiers: BioSample: SAMN07347601; Sample name: 11_21; SRA: SRS2533633,China:Yantai,Li2018,China-A
SRR6063391,Identifiers: BioSample: SAMN07347602; Sample name: 11_22; SRA: SRS2533631,China:Yantai,Li2018,China-A
SRR6063392,Identifiers: BioSample: SAMN07347603; Sample name: 11_25; SRA: SRS2533630,China:Yantai,Li2018,China-A
SRR6063393,Identifiers: BioSample: SAMN07347580; Sample name: 10_24; SRA: SRS2533627,China:ZhuangHe,Li2018,China-D
SRR6063394,Identifiers: BioSample: SAMN07347581; Sample name: 10_6; SRA: SRS2533629,China:ZhuangHe,Li2018,China-D
SRR6063396,Identifiers: BioSample: SAMN07347599; Sample name: 11_10; SRA: SRS2533626,China:Yantai,Li2018,China-A
SRR6063398,Identifiers: BioSample: SAMN07347578; Sample name: 8_20; SRA: SRS2533597,China:RongCheng,Li2018,China-A
SRR6063399,Identifiers: BioSample: SAMN07347810; Sample name: 6A_17; SRA: SRS2533624,China:Dalian,Li2018,China-A
SRR6063401,Identifiers: BioSample: SAMN07347808; Sample name: 6A_13; SRA: SRS2533621,China:Dalian,Li2018,China-A
SRR6063402,Identifiers: BioSample: SAMN07347807; Sample name: 6A_11; SRA: SRS2533620,China:Dalian,Li2018,China-A
SRR6063403,Identifiers: BioSample: SAMN07347809; Sample name: 6A_15; SRA: SRS2533581,China:Dalian,Li2018,China-A
SRR6063404,Identifiers: BioSample: SAMN07347804; Sample name: 6A_12; SRA: SRS2533622,China:Dalian,Li2018,China-A
SRR6063405,Identifiers: BioSample: SAMN07347805; Sample name: 6A_1; SRA: SRS2533619,China:Dalian,Li2018,China-A
SRR6063406,Identifiers: BioSample: SAMN07347806; Sample name: 6A_10; SRA: SRS2533618,China:Dalian,Li2018,China-A
SRR6063407,Identifiers: BioSample: SAMN07347584; Sample name: 4A_9; SRA: SRS2533617,China:ZhuangHe,Li2018,China-D
SRR6063408,Identifiers: BioSample: SAMN07347598; Sample name: 4A_7; SRA: SRS2533375,China:ZhuangHe,Li2018,China-D
SRR6063409,Identifiers: BioSample: SAMN07347591; Sample name: 4A_17; SRA: SRS2533616,China:ZhuangHe,Li2018,China-D
SRR6063410,Identifiers: BioSample: SAMN07347590; Sample name: 4A_16; SRA: SRS2533615,China:ZhuangHe,Li2018,China-D
SRR6063412,Identifiers: BioSample: SAMN07347585; Sample name: 4A_10; SRA: SRS2533614,China:ZhuangHe,Li2018,China-D
SRR6063415,Identifiers: BioSample: SAMN07347587; Sample name: 4A_12; SRA: SRS2533611,China:ZhuangHe,Li2018,China-D
SRR6063416,Identifiers: BioSample: SAMN07347586; Sample name: 4A_11; SRA: SRS2533610,China:ZhuangHe,Li2018,China-D
SRR6063417,Identifiers: BioSample: SAMN07347589; Sample name: 4A_15; SRA: SRS2533608,China:ZhuangHe,Li2018,China-D
SRR6063418,Identifiers: BioSample: SAMN07347588; Sample name: 4A_14; SRA: SRS2533609,China:ZhuangHe,Li2018,China-D
SRR6063421,Identifiers: BioSample: SAMN07347757; Sample name: 24_18; SRA: SRS2533607,China:Lianyungang,Li2018,China-C
SRR6063422,Identifiers: BioSample: SAMN07347758; Sample name: 24_2; SRA: SRS2533604,China:Lianyungang,Li2018,China-C
SRR6063423,Identifiers: BioSample: SAMN07347755; Sample name: 24_13; SRA: SRS2533603,China:Lianyungang,Li2018,China-C
SRR6063424,Identifiers: BioSample: SAMN07347756; Sample name: 24_17; SRA: SRS2533602,China:Lianyungang,Li2018,China-C
SRR6063425,Identifiers: BioSample: SAMN07347761; Sample name: 24_5; SRA: SRS2533605,China:Lianyungang,Li2018,China-C
SRR6063426,Identifiers: BioSample: SAMN07347762; Sample name: 24_9; SRA: SRS2533601,China:Lianyungang,Li2018,China-C
SRR6063427,Identifiers: BioSample: SAMN07347759; Sample name: 24_22; SRA: SRS2533600,China:Lianyungang,Li2018,China-C
SRR6063428,Identifiers: BioSample: SAMN07347760; Sample name: 24_3; SRA: SRS2533599,China:Lianyungang,Li2018,China-C
SRR6063429,Identifiers: BioSample: SAMN07347803; Sample name: 18_2; SRA: SRS2533598,China:Dalian,Li2018,China-A
SRR6063430,Identifiers: BioSample: SAMN07347802; Sample name: 18_11; SRA: SRS2533596,China:Dalian,Li2018,China-A
SRR6063431,Identifiers: BioSample: SAMN07347818; Sample name: 19_11; SRA: SRS2533594,China:Binzhou,Li2018,China-B
SRR6063432,Identifiers: BioSample: SAMN07347817; Sample name: 19_1; SRA: SRS2533595,China:Binzhou,Li2018,China-B
SRR6063433,Identifiers: BioSample: SAMN07347782; Sample name: 18A_6; SRA: SRS2533593,China:Laoting,Li2018,China-B
SRR6063434,Identifiers: BioSample: SAMN07347781; Sample name: 18A_5; SRA: SRS2533592,China:Laoting,Li2018,China-B
SRR6063435,Identifiers: BioSample: SAMN07347801; Sample name: 18_10; SRA: SRS2533591,China:Dalian,Li2018,China-A
SRR6063436,Identifiers: BioSample: SAMN07347783; Sample name: 18A_7; SRA: SRS2533590,China:Laoting,Li2018,China-B
SRR6063437,Identifiers: BioSample: SAMN07347820; Sample name: 19_17; SRA: SRS2533589,China:Binzhou,Li2018,China-B
SRR6063438,Identifiers: BioSample: SAMN07347819; Sample name: 19_14; SRA: SRS2533588,China:Binzhou,Li2018,China-B
SRR6063443,Identifiers: BioSample: SAMN07347704; Sample name: 9_21; SRA: SRS2533582,China:Weifang,Li2018,China-B
SRR6063444,Identifiers: BioSample: SAMN07347703; Sample name: 9_20; SRA: SRS2533580,China:Weifang,Li2018,China-B
SRR6063447,Identifiers: BioSample: SAMN07347705; Sample name: 9_23; SRA: SRS2533464,China:Weifang,Li2018,China-B
SRR6063449,Identifiers: BioSample: SAMN07347981; Sample name: 8A_22; SRA: SRS2533576,China:Changli,Li2018,China-B
SRR6063450,Identifiers: BioSample: SAMN07347982; Sample name: 8A_23; SRA: SRS2533574,China:Changli,Li2018,China-B
SRR6063451,Identifiers: BioSample: SAMN07347976; Sample name: 8A_25; SRA: SRS2533575,China:Changli,Li2018,China-B
SRR6063452,Identifiers: BioSample: SAMN07347983; Sample name: 8A_24; SRA: SRS2533292,China:Changli,Li2018,China-B
SRR6063453,Identifiers: BioSample: SAMN07347978; Sample name: 8A_19; SRA: SRS2533573,China:Changli,Li2018,China-B
SRR6063454,Identifiers: BioSample: SAMN07347932; Sample name: 8A_15; SRA: SRS2533572,China:Bayuquan,Li2018,China-B
SRR6063455,Identifiers: BioSample: SAMN07347933; Sample name: 8A_2; SRA: SRS2533564,China:Bayuquan,Li2018,China-B
SRR6063456,Identifiers: BioSample: SAMN07347977; Sample name: 8A_18; SRA: SRS2533571,China:Changli,Li2018,China-B
SRR6063457,Identifiers: BioSample: SAMN07347990; Sample name: 30_15; SRA: SRS2533570,China:Qinhuangdao,Li2018,China-B
SRR6063458,Identifiers: BioSample: SAMN07347989; Sample name: 30_14; SRA: SRS2533568,China:Qinhuangdao,Li2018,China-B
SRR6063459,Identifiers: BioSample: SAMN07347979; Sample name: 8A_20; SRA: SRS2533569,China:Changli,Li2018,China-B
SRR6063460,Identifiers: BioSample: SAMN07347980; Sample name: 8A_21; SRA: SRS2533567,China:Changli,Li2018,China-B
SRR6063461,Identifiers: BioSample: SAMN07347986; Sample name: 30_10; SRA: SRS2533566,China:Qinhuangdao,Li2018,China-B
SRR6063462,Identifiers: BioSample: SAMN07347985; Sample name: 30_1; SRA: SRS2533565,China:Qinhuangdao,Li2018,China-B
SRR6063463,Identifiers: BioSample: SAMN07347988; Sample name: 30_12; SRA: SRS2533563,China:Qinhuangdao,Li2018,China-B
SRR6063464,Identifiers: BioSample: SAMN07347987; Sample name: 30_11; SRA: SRS2533562,China:Qinhuangdao,Li2018,China-B
SRR6063469,Identifiers: BioSample: SAMN07347643; Sample name: 12A_9; SRA: SRS2533559,China:Jinzhou,Li2018,China-B
SRR6063470,Identifiers: BioSample: SAMN07347642; Sample name: 12A_8; SRA: SRS2533556,China:Jinzhou,Li2018,China-B